id,root
1,37
2,26
3,2
4,11
5,3
6,2
7,3
8,15
9,16
10,11
11,31
12,4
13,17
14,7
15,25
16,5
17,23
18,5
19,11
20,11
21,2
22,5
23,5
24,25
25,19
26,23
27,2
28,19
29,2
30,4
31,2
32,1
33,11
34,2
35,6
36,24
37,19
38,12
39,20
40,13
41,6
42,28
43,25
44,7
45,28
46,10
47,20
48,40
49,7
50,36
51,13
52,1
53,2
54,32
55,10
56,12
57,2
58,11
59,26
60,13
61,11
62,25
63,4
64,1
65,20
66,20
67,3
68,16
69,12
70,13
71,16
72,31
73,25
74,3
75,21
76,11
77,9
78,17
79,16
80,18
81,23
82,3
83,24
84,29
85,19
86,7
87,2
88,18
89,19
90,8
91,12
92,16
93,15
94,23
95,26
96,9
97,2
98,31
99,6
100,5
101,16
102,2
103,10
104,23
105,7
106,1
107,23
108,3
109,32
110,17
111,10
112,17
113,21
114,11
115,28
116,15
117,5
118,19
119,6
120,2
121,11
122,17
123,1
124,3
125,14
126,3
127,14
128,7
129,29
130,10
131,28
132,6
133,15
134,19
135,6
136,4
137,8
138,28
139,11
140,8
141,10
142,6
143,14
144,17
145,2
146,16
147,14
148,3
149,2
150,6
151,7
152,18
153,25
154,34
155,9
156,4
157,3
158,11
159,26
160,28
161,6
162,1
163,10
164,4
165,12
166,10
167,17
168,3
169,17
170,20
171,27
172,7
173,15
174,33
175,6
176,1
177,16
178,5
179,15
180,5
181,7
182,6
183,2
184,18
185,17
186,21
187,1
188,6
189,25
190,13
191,12
192,13
193,4
194,10
195,9
196,3
197,28
198,15
199,2
200,35
201,9
202,14
203,3
204,6
205,16
206,28
207,10
208,12
209,9
210,16
211,18
212,20
213,2
214,29
215,11
216,3
217,9
218,5
219,27
220,27
221,8
222,23
223,11
224,10
225,20
226,12
227,8
228,1
229,1
230,8
231,15
232,25
233,11
234,21
235,5
236,25
237,21
238,2
239,12
240,7
241,8
242,6
243,17
244,25
245,25
246,29
247,12
248,11
249,22
250,16
251,24
252,4
253,6
254,19
255,11
256,9
257,25
258,19
259,9
260,11
261,8
262,7
263,31
264,24
265,12
266,29
267,32
268,8
269,2
270,16
271,3
272,5
273,4
274,3
275,5
276,16
277,5
278,13
279,4
280,11
281,6
282,13
283,31
284,6
285,5
286,19
287,18
288,10
289,27
290,10
291,12
292,8
293,23
294,17
295,12
296,16
297,3
298,19
299,1
300,12
301,18
302,9
303,31
304,2
305,3
306,1
307,8
308,10
309,4
310,5
311,8
312,6
313,12
314,26
315,54
316,10
317,34
318,10
319,12
320,44
321,10
322,4
323,11
324,14
325,26
326,23
327,17
328,20
329,12
330,6
331,2
332,9
333,9
334,21
335,29
336,19
337,17
338,3
339,16
340,20
341,12
342,5
343,23
344,38
345,19
346,13
347,21
348,8
349,25
350,5
351,13
352,35
353,8
354,4
355,17
356,13
357,1
358,6
359,5
360,18
361,19
362,13
363,26
364,26
365,3
366,3
367,4
368,7
369,15
370,4
371,7
372,25
373,27
374,13
375,2
376,7
377,9
378,4
379,2
380,24
381,19
382,22
383,5
384,3
385,9
386,6
387,6
388,1
389,15
390,3
391,8
392,16
393,17
394,2
395,13
396,6
397,2
398,47
399,24
400,1
401,8
402,10
403,3
404,1
405,16
406,1
407,8
408,2
409,2
410,10
411,14
412,6
413,33
414,2
415,9
416,16
417,14
418,8
419,16
420,19
421,5
422,6
423,10
424,30
425,4
426,2
427,6
428,7
429,22
430,12
431,9
432,11
433,16
434,22
435,13
436,13
437,8
438,17
439,20
440,4
441,7
442,7
443,6
444,10
445,5
446,16
447,2
448,4
449,1
450,2
451,13
452,32
453,1
454,1
455,21
456,30
457,14
458,10
459,10
460,4
461,9
462,21
463,16
464,3
465,17
466,8
467,11
468,11
469,17
470,21
471,32
472,21
473,20
474,2
475,30
476,29
477,15
478,28
479,9
480,29
481,26
482,5
483,7
484,31
485,1
486,20
487,19
488,12
489,15
490,15
491,27
492,18
493,12
494,8
495,8
496,14
497,15
498,6
499,7
500,5
501,6
502,1
503,1
504,11
505,2
506,13
507,10
508,4
509,6
510,11
511,7
512,7
513,11
514,1
515,13
516,3
517,1
518,4
519,5
520,7
521,5
522,6
523,17
524,7
525,25
526,5
527,1
528,5
529,11
530,9
531,1
532,12
533,5
534,10
535,5
536,9
537,6
538,10
539,3
540,9
541,7
542,8
543,9
544,12
545,17
546,8
547,4
548,18
549,21
550,5
551,2
552,13
553,8
554,18
555,7
556,5
557,6
558,3
559,10
560,6
561,11
562,5
563,3
564,4
565,1
566,6
567,1
568,3
569,1
570,6
571,2
572,13
573,4
574,14
575,18
576,6
577,4
578,12
579,4
580,2
581,13
582,5
583,15
584,15
585,13
586,9
587,7
588,9
589,6
590,14
591,10
592,7
593,18
594,5
595,3
596,11
597,4
598,2
599,9
600,4
601,4
602,18
603,3
604,11
605,10
606,5
607,10
608,3
609,6
610,1
611,3
612,13
613,6
614,8
615,12
616,7
617,15
618,3
619,4
620,10
621,13
622,5
623,2
624,12
625,11
626,7
627,3
628,3
629,13
630,2
631,8
632,7
633,8
634,5
635,6
636,4
637,10
638,3
639,5
640,4
641,5
642,5
643,1
644,6
645,4
646,3
647,6
648,9
649,9
650,4
651,14
652,6
653,7
654,5
655,8
656,11
657,10
658,3
659,1
660,4
661,5
662,5
663,12
664,7
665,1
666,11
667,2
668,4
669,12
670,5
671,5
672,11
673,8
674,12
675,3
676,7
677,12
678,2
679,5
680,2
681,7
682,8
683,1
684,13
685,1
686,8
687,8
688,8
689,12
690,15
691,4
692,20
693,3
694,3
695,12
696,11
697,5
698,2
699,7
700,15
701,19
702,1
703,19
704,10
705,12
706,1
707,3
708,8
709,24
710,8
711,17
712,2
713,3
714,15
715,15
716,10
717,9
718,3
719,1
720,10
721,6
722,7
723,3
724,2
725,2
726,1
727,6
728,3
729,4
730,5
731,4
732,11
733,5
734,16
735,1
736,8
737,5
738,3
739,2
740,9
741,2
742,6
743,11
744,6
745,14
746,16
747,1
748,2
749,1
750,5
751,2
752,5
753,12
754,20
755,26
756,8
757,14
758,1
759,16
760,12
761,10
762,8
763,3
764,4
765,13
766,10
767,2
768,3
769,16
770,23
771,7
772,7
773,1
774,4
775,3
776,8
777,1
778,28
779,6
780,8
781,3
782,3
783,6
784,10
785,2
786,9
787,1
788,12
789,17
790,2
791,13
792,12
793,5
794,5
795,5
796,7
797,9
798,18
799,4
800,5
801,1
802,8
803,1
804,2
805,10
806,4
807,17
808,4
809,18
810,29
811,1
812,14
813,3
814,8
815,21
816,8
817,9
818,1
819,7
820,13
821,12
822,4
823,9
824,1
825,6
826,5
827,3
828,10
829,5
830,1
831,14
832,6
833,2
834,14
835,10
836,4
837,2
838,12
839,13
840,12
841,1
842,17
843,7
844,13
845,5
846,7
847,1
848,13
849,1
850,8
851,15
852,5
853,13
854,10
855,6
856,17
857,8
858,9
859,2
860,3
861,3
862,5
863,10
864,11
865,17
866,10
867,1
868,22
869,11
870,6
871,3
872,5
873,1
874,8
875,9
876,1
877,7
878,2
879,3
880,8
881,5
882,3
883,10
884,16
885,1
886,1
887,6
888,2
889,4
890,5
891,6
892,6
893,10
894,8
895,9
896,7
897,12
898,14
899,13
900,1
901,5
902,6
903,1
904,3
905,1
906,10
907,5
908,2
909,2
910,8
911,3
912,8
913,5
914,1
915,2
916,13
917,5
918,4
919,5
920,7
921,4
922,4
923,5
924,7
925,7
926,8
927,10
928,13
929,5
930,3
931,8
932,20
933,1
934,6
935,12
936,12
937,9
938,4
939,7
940,5
941,1
942,2
943,3
944,9
945,4
946,3
947,6
948,2
949,2
950,3
951,13
952,4
953,7
954,1
955,2
956,1
957,5
958,2
959,1
960,14
961,3
962,4
963,14
964,2
965,1
966,13
967,19
968,1
969,3
970,11
971,12
972,4
973,8
974,2
975,21
976,4
977,6
978,6
979,21
980,8
981,7
982,9
983,2
984,17
985,5
986,13
987,15
988,13
989,12
990,5
991,35
992,7
993,18
994,4
995,6
996,15
997,4
998,20
999,18
1000,2
1001,35
1002,2
1003,16
1004,4
1005,34
1006,10
1007,17
1008,9
1009,11
1010,27
1011,5
1012,18
1013,6
1014,42
1015,7
1016,17
1017,9
1018,25
1019,13
1020,24
1021,8
1022,11
1023,4
1024,1
1025,7
1026,9
1027,18
1028,15
1029,12
1030,8
1031,10
1032,17
1033,1
1034,3
1035,7
1036,9
1037,1
1038,13
1039,16
1040,30
1041,1
1042,4
1043,33
1044,17
1045,18
1046,22
1047,23
1048,22
1049,10
1050,5
1051,4
1052,33
1053,8
1054,36
1055,15
1056,8
1057,22
1058,13
1059,2
1060,24
1061,11
1062,2
1063,16
1064,3
1065,9
1066,5
1067,16
1068,10
1069,4
1070,14
1071,19
1072,15
1073,6
1074,16
1075,15
1076,6
1077,16
1078,18
1079,3
1080,21
1081,27
1082,3
1083,27
1084,9
1085,9
1086,11
1087,2
1088,2
1089,11
1090,18
1091,24
1092,2
1093,6
1094,22
1095,18
1096,3
1097,16
1098,6
1099,12
1100,11
1101,5
1102,34
1103,27
1104,12
1105,12
1106,13
1107,27
1108,20
1109,3
1110,17
1111,3
1112,14
1113,4
1114,20
1115,12
1116,18
1117,5
1118,17
1119,23
1120,3
1121,19
1122,4
1123,4
1124,17
1125,2
1126,7
1127,2
1128,19
1129,1
1130,7
1131,2
1132,9
1133,14
1134,7
1135,3
1136,1
1137,5
1138,6
1139,2
1140,16
1141,1
1142,19
1143,8
1144,23
1145,4
1146,2
1147,2
1148,2
1149,8
1150,13
1151,9
1152,4
1153,8
1154,2
1155,18
1156,12
1157,6
1158,8
1159,20
1160,10
1161,4
1162,6
1163,6
1164,20
1165,6
1166,4
1167,11
1168,5
1169,12
1170,13
1171,5
1172,18
1173,8
1174,17
1175,10
1176,9
1177,12
1178,3
1179,1
1180,14
1181,2
1182,3
1183,9
1184,18
1185,13
1186,3
1187,8
1188,3
1189,2
1190,19
1191,3
1192,8
1193,2
1194,19
1195,16
1196,28
1197,6
1198,28
1199,3
1200,3
1201,7
1202,17
1203,2
1204,28
1205,8
1206,23
1207,2
1208,2
1209,2
1210,7
1211,19
1212,16
1213,15
1214,9
1215,33
1216,1
1217,1
1218,3
1219,4
1220,12
1221,13
1222,11
1223,15
1224,10
1225,12
1226,6
1227,1
1228,1
1229,2
1230,9
1231,16
1232,1
1233,4
1234,6
1235,15
1236,6
1237,17
1238,6
1239,17
1240,17
1241,3
1242,24
1243,3
1244,15
1245,7
1246,3
1247,6
1248,8
1249,1
1250,22
1251,21
1252,25
1253,26
1254,11
1255,2
1256,21
1257,13
1258,3
1259,1
1260,12
1261,2
1262,2
1263,5
1264,30
1265,64
1266,4
1267,16
1268,9
1269,8
1270,2
1271,2
1272,1
1273,33
1274,5
1275,5
1276,8
1277,24
1278,4
1279,1
1280,3
1281,12
1282,5
1283,1
1284,11
1285,9
1286,18
1287,12
1288,10
1289,9
1290,7
1291,11
1292,5
1293,27
1294,25
1295,21
1296,9
1297,18
1298,16
1299,13
1300,12
1301,20
1302,27
1303,34
1304,5
1305,12
1306,6
1307,22
1308,7
1309,5
1310,11
1311,4
1312,3
1313,6
1314,2
1315,11
1316,13
1317,7
1318,12
1319,13
1320,20
1321,1
1322,6
1323,4
1324,10
1325,23
1326,1
1327,7
1328,10
1329,7
1330,5
1331,5
1332,14
1333,2
1334,14
1335,6
1336,3
1337,18
1338,8
1339,12
1340,6
1341,13
1342,14
1343,12
1344,13
1345,14
1346,25
1347,5
1348,2
1349,4
1350,13
1351,10
1352,9
1353,11
1354,16
1355,3
1356,23
1357,1
1358,26
1359,16
1360,13
1361,8
1362,9
1363,19
1364,9
1365,29
1366,7
1367,15
1368,3
1369,8
1370,1
1371,3
1372,23
1373,1
1374,7
1375,11
1376,22
1377,5
1378,9
1379,16
1380,2
1381,2
1382,9
1383,12
1384,21
1385,2
1386,19
1387,3
1388,13
1389,15
1390,13
1391,12
1392,9
1393,12
1394,12
1395,16
1396,15
1397,3
1398,4
1399,2
1400,10
1401,5
1402,4
1403,18
1404,11
1405,2
1406,11
1407,7
1408,5
1409,1
1410,6
1411,12
1412,7
1413,9
1414,18
1415,13
1416,11
1417,9
1418,8
1419,19
1420,5
1421,12
1422,7
1423,10
1424,13
1425,7
1426,4
1427,3
1428,20
1429,12
1430,23
1431,17
1432,12
1433,21
1434,7
1435,11
1436,6
1437,12
1438,9
1439,11
1440,1
1441,5
1442,26
1443,12
1444,12
1445,2
1446,20
1447,16
1448,5
1449,1
1450,24
1451,19
1452,10
1453,12
1454,4
1455,11
1456,7
1457,1
1458,32
1459,16
1460,17
1461,11
1462,3
1463,1
1464,13
1465,12
1466,19
1467,23
1468,4
1469,17
1470,11
1471,3
1472,9
1473,16
1474,12
1475,6
1476,1
1477,15
1478,16
1479,1
1480,8
1481,29
1482,8
1483,33
1484,9
1485,15
1486,11
1487,16
1488,24
1489,7
1490,6
1491,3
1492,1
1493,5
1494,11
1495,4
1496,21
1497,12
1498,9
1499,6
1500,3
1501,1
1502,15
1503,6
1504,20
1505,16
1506,8
1507,10
1508,2
1509,14
1510,7
1511,1
1512,5
1513,6
1514,9
1515,7
1516,10
1517,6
1518,3
1519,3
1520,1
1521,14
1522,8
1523,16
1524,10
1525,15
1526,8
1527,23
1528,8
1529,1
1530,20
1531,23
1532,13
1533,23
1534,9
1535,6
1536,4
1537,17
1538,11
1539,9
1540,12
1541,10
1542,1
1543,6
1544,14
1545,11
1546,4
1547,19
1548,1
1549,22
1550,20
1551,1
1552,7
1553,5
1554,13
1555,6
1556,10
1557,15
1558,21
1559,3
1560,9
1561,9
1562,9
1563,8
1564,9
1565,21
1566,24
1567,5
1568,13
1569,14
1570,3
1571,5
1572,8
1573,18
1574,2
1575,6
1576,17
1577,22
1578,8
1579,7
1580,25
1581,11
1582,8
1583,11
1584,8
1585,28
1586,3
1587,4
1588,1
1589,17
1590,5
1591,4
1592,17
1593,8
1594,1
1595,17
1596,5
1597,16
1598,7
1599,4
1600,23
1601,8
1602,10
1603,20
1604,2
1605,6
1606,17
1607,21
1608,3
1609,8
1610,2
1611,4
1612,13
1613,12
1614,1
1615,15
1616,25
1617,6
1618,4
1619,12
1620,8
1621,3
1622,8
1623,4
1624,1
1625,11
1626,6
1627,4
1628,3
1629,11
1630,3
1631,1
1632,5
1633,4
1634,2
1635,13
1636,4
1637,4
1638,7
1639,6
1640,3
1641,2
1642,10
1643,1
1644,11
1645,7
1646,10
1647,15
1648,9
1649,4
1650,13
1651,4
1652,3
1653,9
1654,5
1655,10
1656,19
1657,2
1658,8
1659,7
1660,7
1661,8
1662,2
1663,5
1664,8
1665,6
1666,9
1667,16
1668,8
1669,7
1670,15
1671,4
1672,8
1673,13
1674,8
1675,14
1676,1
1677,2
1678,15
1679,25
1680,24
1681,4
1682,7
1683,6
1684,17
1685,8
1686,6
1687,9
1688,4
1689,4
1690,17
1691,4
1692,9
1693,27
1694,17
1695,12
1696,5
1697,5
1698,11
1699,11
1700,2
1701,23
1702,5
1703,4
1704,6
1705,11
1706,12
1707,25
1708,4
1709,3
1710,4
1711,8
1712,8
1713,1
1714,16
1715,5
1716,7
1717,3
1718,6
1719,10
1720,4
1721,3
1722,10
1723,3
1724,19
1725,12
1726,8
1727,4
1728,3
1729,19
1730,21
1731,3
1732,10
1733,1
1734,11
1735,6
1736,9
1737,4
1738,4
1739,12
1740,11
1741,6
1742,7
1743,14
1744,1
1745,7
1746,9
1747,20
1748,24
1749,18
1750,14
1751,9
1752,14
1753,5
1754,2
1755,18
1756,13
1757,2
1758,20
1759,14
1760,37
1761,5
1762,19
1763,9
1764,13
1765,1
1766,5
1767,4
1768,22
1769,3
1770,3
1771,15
1772,17
1773,9
1774,22
1775,4
1776,17
1777,12
1778,9
1779,1
1780,13
1781,16
1782,16
1783,9
1784,8
1785,17
1786,8
1787,17
1788,28
1789,15
1790,1
1791,1
1792,21
1793,17
1794,6
1795,18
1796,8
1797,2
1798,10
1799,5
1800,31
1801,7
1802,4
1803,1
1804,12
1805,18
1806,11
1807,9
1808,5
1809,14
1810,3
1811,5
1812,10
1813,5
1814,2
1815,10
1816,4
1817,7
1818,12
1819,9
1820,13
1821,19
1822,9
1823,3
1824,18
1825,12
1826,1
1827,5
1828,15
1829,11
1830,13
1831,1
1832,5
1833,1
1834,22
1835,13
1836,18
1837,24
1838,12
1839,2
1840,10
1841,13
1842,2
1843,8
1844,4
1845,6
1846,10
1847,4
1848,10
1849,10
1850,5
1851,7
1852,7
1853,5
1854,11
1855,23
1856,15
1857,10
1858,51
1859,5
1860,1
1861,3
1862,23
1863,5
1864,8
1865,5
1866,3
1867,20
1868,3
1869,4
1870,1
1871,12
1872,6
1873,5
1874,21
1875,6
1876,1
1877,11
1878,17
1879,22
1880,4
1881,11
1882,6
1883,32
1884,2
1885,10
1886,8
1887,7
1888,15
1889,3
1890,10
1891,11
1892,3
1893,2
1894,7
1895,10
1896,4
1897,5
1898,12
1899,8
1900,6
1901,11
1902,16
1903,4
1904,8
1905,3
1906,16
1907,6
1908,6
1909,21
1910,1
1911,11
1912,1
1913,1
1914,15
1915,22
1916,2
1917,8
1918,20
1919,11
1920,10
1921,11
1922,11
1923,7
1924,10
1925,20
1926,13
1927,10
1928,16
1929,3
1930,12
1931,6
1932,14
1933,4
1934,15
1935,2
1936,11
1937,20
1938,11
1939,6
1940,16
1941,7
1942,5
1943,3
1944,12
1945,24
1946,13
1947,1
1948,5
1949,2
1950,23
1951,12
1952,5
1953,20
1954,17
1955,14
1956,16
1957,20
1958,1
1959,12
1960,10
1961,3
1962,16
1963,16
1964,6
1965,18
1966,6
1967,7
1968,3
1969,9
1970,9
1971,13
1972,9
1973,14
1974,25
1975,8
1976,10
1977,11
1978,17
1979,25
1980,5
1981,7
1982,26
1983,1
1984,10
1985,4
1986,19
1987,6
1988,10
1989,3
1990,2
1991,1
1992,9
1993,4
1994,7
1995,2
1996,8
1997,25
1998,2
1999,13
2000,24
2001,4
2002,2
2003,5
2004,2
2005,19
2006,15
2007,4
2008,14
2009,7
2010,18
2011,16
2012,13
2013,9
2014,15
2015,11
2016,12
2017,25
2018,25
2019,7
2020,1
2021,13
2022,17
2023,1
2024,4
2025,10
2026,12
2027,4
2028,2
2029,10
2030,10
2031,5
2032,14
2033,9
2034,27
2035,10
2036,2
2037,12
2038,28
2039,29
2040,15
2041,12
2042,20
2043,1
2044,9
2045,21
2046,4
2047,12
2048,12
2049,8
2050,12
2051,14
2052,21
2053,11
2054,4
2055,14
2056,15
2057,4
2058,1
2059,14
2060,3
2061,28
2062,1
2063,3
2064,6
2065,11
2066,1
2067,22
2068,7
2069,20
2070,3
2071,9
2072,3
2073,19
2074,8
2075,14
2076,13
2077,14
2078,14
2079,1
2080,2
2081,24
2082,6
2083,4
2084,31
2085,9
2086,4
2087,23
2088,7
2089,22
2090,7
2091,8
2092,20
2093,26
2094,11
2095,19
2096,13
2097,25
2098,12
2099,7
2100,2
2101,19
2102,7
2103,2
2104,17
2105,8
2106,25
2107,12
2108,26
2109,8
2110,12
2111,12
2112,3
2113,13
2114,18
2115,1
2116,7
2117,6
2118,11
2119,5
2120,6
2121,3
2122,1
2123,10
2124,12
2125,7
2126,4
2127,2
2128,7
2129,18
2130,8
2131,7
2132,2
2133,15
2134,19
2135,6
2136,2
2137,11
2138,14
2139,2
2140,13
2141,15
2142,7
2143,6
2144,15
2145,5
2146,14
2147,28
2148,14
2149,4
2150,7
2151,15
2152,9
2153,10
2154,20
2155,6
2156,7
2157,14
2158,19
2159,12
2160,9
2161,6
2162,17
2163,12
2164,1
2165,8
2166,2
2167,6
2168,5
2169,5
2170,14
2171,10
2172,10
2173,7
2174,16
2175,23
2176,14
2177,12
2178,2
2179,8
2180,17
2181,7
2182,15
2183,5
2184,8
2185,13
2186,33
2187,4
2188,2
2189,6
2190,6
2191,16
2192,17
2193,6
2194,8
2195,1
2196,12
2197,3
2198,6
2199,15
2200,9
2201,7
2202,18
2203,11
2204,6
2205,16
2206,15
2207,15
2208,20
2209,14
2210,15
2211,13
2212,5
2213,9
2214,3
2215,13
2216,19
2217,4
2218,7
2219,18
2220,7
2221,5
2222,1
2223,12
2224,27
2225,22
2226,16
2227,13
2228,14
2229,12
2230,16
2231,24
2232,26
2233,10
2234,14
2235,2
2236,14
2237,15
2238,8
2239,8
2240,25
2241,20
2242,16
2243,15
2244,26
2245,6
2246,1
2247,21
2248,2
2249,19
2250,6
2251,19
2252,1
2253,9
2254,5
2255,33
2256,16
2257,10
2258,3
2259,17
2260,19
2261,3
2262,6
2263,9
2264,2
2265,5
2266,13
2267,7
2268,6
2269,12
2270,2
2271,6
2272,10
2273,32
2274,6
2275,3
2276,16
2277,18
2278,12
2279,12
2280,13
2281,9
2282,21
2283,10
2284,21
2285,18
2286,7
2287,5
2288,1
2289,10
2290,21
2291,1
2292,14
2293,23
2294,28
2295,8
2296,10
2297,3
2298,12
2299,16
2300,4
2301,12
2302,2
2303,5
2304,14
2305,17
2306,4
2307,1
2308,2
2309,13
2310,2
2311,1
2312,2
2313,3
2314,26
2315,19
2316,15
2317,20
2318,4
2319,2
2320,7
2321,8
2322,1
2323,1
2324,18
2325,13
2326,6
2327,35
2328,3
2329,11
2330,5
2331,16
2332,5
2333,17
2334,7
2335,5
2336,9
2337,5
2338,17
2339,7
2340,22
2341,3
2342,7
2343,5
2344,21
2345,1
2346,3
2347,12
2348,14
2349,15
2350,20
2351,16
2352,2
2353,4
2354,2
2355,14
2356,1
2357,18
2358,10
2359,8
2360,6
2361,1
2362,6
2363,2
2364,6
2365,16
2366,2
2367,6
2368,10
2369,16
2370,4
2371,2
2372,4
2373,18
2374,31
2375,9
2376,11
2377,12
2378,38
2379,2
2380,15
2381,7
2382,12
2383,5
2384,28
2385,18
2386,12
2387,1
2388,2
2389,5
2390,13
2391,6
2392,2
2393,31
2394,10
2395,13
2396,17
2397,1
2398,14
2399,6
2400,3
2401,9
2402,1
2403,5
2404,10
2405,5
2406,4
2407,13
2408,7
2409,17
2410,12
2411,18
2412,13
2413,4
2414,4
2415,2
2416,6
2417,22
2418,3
2419,7
2420,28
2421,17
2422,4
2423,9
2424,3
2425,12
2426,17
2427,7
2428,11
2429,14
2430,6
2431,10
2432,30
2433,6
2434,6
2435,19
2436,2
2437,11
2438,1
2439,6
2440,14
2441,3
2442,13
2443,9
2444,3
2445,5
2446,4
2447,2
2448,24
2449,13
2450,3
2451,17
2452,23
2453,9
2454,15
2455,7
2456,30
2457,27
2458,14
2459,17
2460,36
2461,9
2462,7
2463,18
2464,16
2465,15
2466,11
2467,8
2468,7
2469,29
2470,18
2471,3
2472,5
2473,4
2474,29
2475,5
2476,12
2477,28
2478,18
2479,1
2480,7
2481,13
2482,3
2483,10
2484,13
2485,4
2486,20
2487,1
2488,15
2489,13
2490,11
2491,14
2492,23
2493,6
2494,25
2495,14
2496,9
2497,11
2498,10
2499,33
2500,23
2501,16
2502,7
2503,2
2504,3
2505,21
2506,4
2507,6
2508,8
2509,5
2510,10
2511,7
2512,17
2513,2
2514,29
2515,24
2516,13
2517,14
2518,14
2519,10
2520,9
2521,25
2522,4
2523,35
2524,10
2525,22
2526,17
2527,17
2528,12
2529,25
2530,8
2531,24
2532,31
2533,30
2534,25
2535,18
2536,4
2537,37
2538,3
2539,29
2540,7
2541,2
2542,10
2543,6
2544,1
2545,22
2546,12
2547,19
2548,6
2549,6
2550,4
2551,13
2552,10
2553,2
2554,17
2555,11
2556,11
2557,5
2558,12
2559,14
2560,1
2561,12
2562,20
2563,10
2564,14
2565,12
2566,23
2567,8
2568,15
2569,14
2570,6
2571,24
2572,13
2573,5
2574,10
2575,13
2576,3
2577,1
2578,1
2579,24
2580,20
2581,3
2582,12
2583,11
2584,26
2585,17
2586,10
2587,36
2588,45
2589,1
2590,13
2591,2
2592,20
2593,30
2594,13
2595,14
2596,11
2597,13
2598,9
2599,3
2600,14
2601,3
2602,10
2603,7
2604,11
2605,5
2606,19
2607,2
2608,25
2609,9
2610,10
2611,8
2612,5
2613,19
2614,3
2615,12
2616,2
2617,4
2618,9
2619,2
2620,11
2621,10
2622,9
2623,11
2624,5
2625,13
2626,5
2627,19
2628,13
2629,11
2630,4
2631,4
2632,1
2633,18
2634,18
2635,2
2636,5
2637,3
2638,3
2639,5
2640,17
2641,8
2642,14
2643,23
2644,4
2645,17
2646,22
2647,11
2648,15
2649,29
2650,8
2651,5
2652,6
2653,11
2654,21
2655,1
2656,5
2657,3
2658,8
2659,14
2660,4
2661,5
2662,12
2663,14
2664,6
2665,16
2666,17
2667,1
2668,29
2669,10
2670,25
2671,3
2672,17
2673,10
2674,17
2675,13
2676,15
2677,1
2678,11
2679,12
2680,10
2681,21
2682,4
2683,27
2684,6
2685,22
2686,12
2687,10
2688,6
2689,11
2690,16
2691,7
2692,3
2693,2
2694,22
2695,3
2696,16
2697,18
2698,12
2699,5
2700,4
2701,19
2702,10
2703,22
2704,8
2705,6
2706,13
2707,6
2708,9
2709,15
2710,2
2711,2
2712,14
2713,6
2714,5
2715,1
2716,5
2717,7
2718,8
2719,12
2720,21
2721,14
2722,6
2723,5
2724,12
2725,8
2726,26
2727,21
2728,4
2729,6
2730,11
2731,3
2732,1
2733,11
2734,17
2735,15
2736,21
2737,25
2738,24
2739,24
2740,17
2741,1
2742,23
2743,7
2744,6
2745,24
2746,13
2747,10
2748,2
2749,5
2750,22
2751,19
2752,1
2753,10
2754,5
2755,23
2756,12
2757,2
2758,35
2759,1
2760,5
2761,2
2762,16
2763,2
2764,21
2765,4
2766,8
2767,7
2768,4
2769,1
2770,7
2771,7
2772,11
2773,10
2774,9
2775,9
2776,9
2777,33
2778,18
2779,16
2780,17
2781,3
2782,22
2783,13
2784,2
2785,3
2786,24
2787,21
2788,6
2789,22
2790,3
2791,9
2792,33
2793,9
2794,14
2795,23
2796,2
2797,4
2798,7
2799,15
2800,17
2801,18
2802,1
2803,9
2804,6
2805,6
2806,5
2807,5
2808,4
2809,5
2810,24
2811,20
2812,22
2813,3
2814,8
2815,3
2816,6
2817,7
2818,20
2819,1
2820,19
2821,10
2822,7
2823,4
2824,16
2825,3
2826,3
2827,9
2828,3
2829,16
2830,13
2831,20
2832,7
2833,8
2834,3
2835,4
2836,8
2837,2
2838,12
2839,11
2840,16
2841,9
2842,6
2843,4
2844,6
2845,8
2846,8
2847,5
2848,14
2849,4
2850,21
2851,4
2852,12
2853,15
2854,1
2855,6
2856,15
2857,2
2858,7
2859,7
2860,11
2861,20
2862,3
2863,9
2864,22
2865,13
2866,7
2867,18
2868,6
2869,19
2870,5
2871,11
2872,15
2873,4
2874,33
2875,7
2876,5
2877,16
2878,1
2879,16
2880,21
2881,16
2882,4
2883,16
2884,4
2885,15
2886,13
2887,3
2888,7
2889,3
2890,9
2891,17
2892,10
2893,6
2894,5
2895,9
2896,22
2897,7
2898,8
2899,17
2900,4
2901,7
2902,12
2903,4
2904,8
2905,21
2906,24
2907,6
2908,8
2909,12
2910,16
2911,14
2912,5
2913,3
2914,9
2915,2
2916,14
2917,5
2918,13
2919,13
2920,4
2921,3
2922,2
2923,10
2924,17
2925,5
2926,4
2927,24
2928,5
2929,10
2930,8
2931,9
2932,9
2933,3
2934,12
2935,14
2936,6
2937,18
2938,16
2939,2
2940,17
2941,3
2942,10
2943,29
2944,3
2945,10
2946,23
2947,17
2948,18
2949,9
2950,4
2951,5
2952,26
2953,19
2954,1
2955,4
2956,4
2957,10
2958,18
2959,13
2960,10
2961,5
2962,6
2963,11
2964,18
2965,5
2966,23
2967,14
2968,7
2969,24
2970,3
2971,6
2972,18
2973,2
2974,7
2975,3
2976,5
2977,6
2978,4
2979,1
2980,12
2981,20
2982,13
2983,11
2984,9
2985,18
2986,9
2987,31
2988,16
2989,16
2990,17
2991,4
2992,3
2993,5
2994,14
2995,25
2996,6
2997,1
2998,8
2999,9
3000,28
3001,3
3002,19
3003,2
3004,2
3005,12
3006,15
3007,2
3008,8
3009,1
3010,25
3011,3
3012,14
3013,6
3014,5
3015,22
3016,21
3017,5
3018,33
3019,17
3020,6
3021,1
3022,4
3023,16
3024,36
3025,14
3026,9
3027,27
3028,14
3029,12
3030,1
3031,8
3032,14
3033,10
3034,7
3035,5
3036,3
3037,13
3038,9
3039,8
3040,16
3041,3
3042,20
3043,6
3044,3
3045,2
3046,23
3047,18
3048,13
3049,8
3050,23
3051,35
3052,2
3053,19
3054,17
3055,19
3056,5
3057,23
3058,5
3059,11
3060,7
3061,1
3062,10
3063,26
3064,5
3065,24
3066,20
3067,8
3068,1
3069,12
3070,6
3071,21
3072,3
3073,9
3074,14
3075,8
3076,1
3077,23
3078,3
3079,8
3080,17
3081,4
3082,1
3083,11
3084,9
3085,17
3086,11
3087,29
3088,8
3089,5
3090,4
3091,2
3092,21
3093,8
3094,22
3095,2
3096,20
3097,8
3098,3
3099,7
3100,10
3101,1
3102,1
3103,16
3104,15
3105,6
3106,1
3107,2
3108,13
3109,6
3110,9
3111,3
3112,13
3113,8
3114,3
3115,15
3116,13
3117,1
3118,7
3119,13
3120,8
3121,9
3122,23
3123,17
3124,3
3125,2
3126,18
3127,14
3128,14
3129,3
3130,7
3131,19
3132,9
3133,9
3134,18
3135,9
3136,5
3137,28
3138,11
3139,21
3140,19
3141,10
3142,7
3143,2
3144,20
3145,13
3146,5
3147,2
3148,17
3149,21
3150,8
3151,5
3152,15
3153,9
3154,8
3155,1
3156,15
3157,3
3158,9
3159,2
3160,14
3161,10
3162,21
3163,34
3164,15
3165,12
3166,15
3167,7
3168,3
3169,18
3170,22
3171,10
3172,7
3173,12
3174,10
3175,4
3176,9
3177,7
3178,1
3179,2
3180,3
3181,19
3182,14
3183,6
3184,18
3185,4
3186,15
3187,6
3188,4
3189,3
3190,22
3191,8
3192,6
3193,16
3194,7
3195,15
3196,14
3197,2
3198,6
3199,10
3200,8
3201,3
3202,23
3203,9
3204,23
3205,10
3206,6
3207,4
3208,11
3209,33
3210,9
3211,14
3212,3
3213,10
3214,9
3215,21
3216,3
3217,6
3218,20
3219,15
3220,16
3221,13
3222,19
3223,2
3224,20
3225,7
3226,10
3227,11
3228,9
3229,26
3230,20
3231,22
3232,28
3233,17
3234,18
3235,7
3236,3
3237,12
3238,4
3239,8
3240,5
3241,16
3242,5
3243,23
3244,34
3245,2
3246,8
3247,17
3248,11
3249,3
3250,22
3251,10
3252,5
3253,18
3254,7
3255,1
3256,11
3257,18
3258,8
3259,7
3260,7
3261,23
3262,3
3263,1
3264,7
3265,9
3266,7
3267,11
3268,2
3269,2
3270,9
3271,6
3272,11
3273,31
3274,22
3275,13
3276,3
3277,13
3278,25
3279,5
3280,12
3281,10
3282,11
3283,31
3284,18
3285,8
3286,10
3287,22
3288,6
3289,15
3290,29
3291,5
3292,17
3293,1
3294,1
3295,11
3296,8
3297,1
3298,8
3299,10
3300,10
3301,4
3302,3
3303,9
3304,21
3305,6
3306,12
3307,19
3308,3
3309,5
3310,7
3311,6
3312,10
3313,20
3314,20
3315,15
3316,2
3317,34
3318,4
3319,21
3320,11
3321,20
3322,27
3323,19
3324,2
3325,9
3326,5
3327,4
3328,23
3329,10
3330,3
3331,5
3332,4
3333,14
3334,12
3335,17
3336,6
3337,4
3338,3
3339,12
3340,7
3341,12
3342,13
3343,16
3344,13
3345,25
3346,4
3347,7
3348,10
3349,12
3350,6
3351,11
3352,22
3353,6
3354,3
3355,6
3356,15
3357,7
3358,12
3359,25
3360,8
3361,7
3362,4
3363,14
3364,32
3365,6
3366,17
3367,3
3368,23
3369,23
3370,12
3371,7
3372,11
3373,14
3374,16
3375,6
3376,13
3377,5
3378,4
3379,1
3380,16
3381,13
3382,1
3383,14
3384,1
3385,2
3386,13
3387,19
3388,13
3389,21
3390,6
3391,1
3392,4
3393,10
3394,18
3395,14
3396,3
3397,11
3398,2
3399,11
3400,23
3401,4
3402,9
3403,5
3404,20
3405,7
3406,1
3407,23
3408,11
3409,23
3410,12
3411,5
3412,13
3413,15
3414,3
3415,5
3416,10
3417,5
3418,12
3419,19
3420,3
3421,11
3422,19
3423,12
3424,6
3425,16
3426,17
3427,1
3428,1
3429,13
3430,7
3431,11
3432,2
3433,3
3434,1
3435,9
3436,7
3437,12
3438,9
3439,1
3440,15
3441,9
3442,19
3443,10
3444,8
3445,12
3446,9
3447,17
3448,6
3449,21
3450,9
3451,14
3452,6
3453,22
3454,7
3455,13
3456,18
3457,13
3458,17
3459,25
3460,6
3461,1
3462,3
3463,27
3464,6
3465,6
3466,33
3467,25
3468,26
3469,8
3470,6
3471,6
3472,1
3473,12
3474,12
3475,12
3476,21
3477,11
3478,11
3479,8
3480,14
3481,3
3482,20
3483,14
3484,15
3485,9
3486,7
3487,9
3488,5
3489,10
3490,26
3491,7
3492,1
3493,20
3494,7
3495,17
3496,6
3497,12
3498,1
3499,9
3500,8
3501,1
3502,17
3503,15
3504,18
3505,23
3506,4
3507,14
3508,14
3509,12
3510,10
3511,15
3512,8
3513,25
3514,11
3515,21
3516,16
3517,5
3518,21
3519,21
3520,14
3521,3
3522,5
3523,25
3524,11
3525,5
3526,8
3527,11
3528,5
3529,4
3530,2
3531,3
3532,13
3533,5
3534,7
3535,16
3536,11
3537,16
3538,12
3539,2
3540,8
3541,10
3542,12
3543,11
3544,20
3545,10
3546,13
3547,7
3548,10
3549,14
3550,6
3551,9
3552,19
3553,14
3554,11
3555,14
3556,18
3557,4
3558,8
3559,12
3560,11
3561,17
3562,3
3563,5
3564,11
3565,15
3566,22
3567,3
3568,5
3569,9
3570,4
3571,4
3572,17
3573,1
3574,14
3575,18
3576,5
3577,2
3578,27
3579,2
3580,18
3581,9
3582,14
3583,19
3584,10
3585,2
3586,10
3587,15
3588,6
3589,16
3590,3
3591,13
3592,9
3593,13
3594,3
3595,8
3596,21
3597,6
3598,18
3599,8
3600,9
3601,5
3602,7
3603,2
3604,5
3605,5
3606,4
3607,11
3608,10
3609,13
3610,13
3611,1
3612,4
3613,8
3614,6
3615,12
3616,8
3617,7
3618,8
3619,13
3620,7
3621,2
3622,2
3623,15
3624,4
3625,13
3626,15
3627,1
3628,1
3629,8
3630,5
3631,4
3632,5
3633,15
3634,12
3635,9
3636,12
3637,3
3638,9
3639,7
3640,8
3641,2
3642,13
3643,12
3644,3
3645,10
3646,4
3647,4
3648,12
3649,10
3650,2
3651,4
3652,4
3653,8
3654,4
3655,15
3656,9
3657,3
3658,27
3659,3
3660,13
3661,10
3662,5
3663,1
3664,12
3665,22
3666,14
3667,11
3668,8
3669,12
3670,12
3671,4
3672,3
3673,4
3674,7
3675,4
3676,10
3677,14
3678,9
3679,8
3680,2
3681,5
3682,1
3683,1
3684,18
3685,21
3686,7
3687,14
3688,4
3689,6
3690,1
3691,5
3692,4
3693,1
3694,7
3695,4
3696,7
3697,15
3698,6
3699,2
3700,13
3701,14
3702,4
3703,7
3704,1
3705,5
3706,7
3707,13
3708,1
3709,6
3710,18
3711,9
3712,5
3713,15
3714,3
3715,5
3716,9
3717,18
3718,9
3719,8
3720,6
3721,4
3722,1
3723,3
3724,11
3725,20
3726,1
3727,23
3728,10
3729,19
3730,4
3731,11
3732,17
3733,3
3734,9
3735,17
3736,5
3737,6
3738,6
3739,2
3740,25
3741,3
3742,16
3743,2
3744,4
3745,21
3746,1
3747,4
3748,28
3749,2
3750,5
3751,9
3752,13
3753,10
3754,21
3755,8
3756,2
3757,3
3758,12
3759,7
3760,10
3761,10
3762,9
3763,5
3764,3
3765,5
3766,20
3767,26
3768,17
3769,11
3770,6
3771,12
3772,2
3773,9
3774,4
3775,7
3776,7
3777,3
3778,1
3779,11
3780,21
3781,12
3782,18
3783,8
3784,11
3785,1
3786,4
3787,7
3788,2
3789,4
3790,9
3791,5
3792,7
3793,7
3794,8
3795,23
3796,4
3797,7
3798,5
3799,15
3800,9
3801,23
3802,7
3803,12
3804,1
3805,17
3806,7
3807,1
3808,14
3809,29
3810,14
3811,5
3812,1
3813,4
3814,27
3815,4
3816,10
3817,13
3818,2
3819,6
3820,4
3821,3
3822,6
3823,11
3824,2
3825,1
3826,2
3827,12
3828,9
3829,12
3830,7
3831,5
3832,1
3833,3
3834,4
3835,3
3836,19
3837,6
3838,27
3839,1
3840,9
3841,2
3842,12
3843,6
3844,12
3845,7
3846,8
3847,4
3848,4
3849,4
3850,13
3851,1
3852,1
3853,7
3854,27
3855,6
3856,3
3857,10
3858,11
3859,7
3860,3
3861,7
3862,2
3863,26
3864,1
3865,8
3866,1
3867,17
3868,8
3869,15
3870,6
3871,1
3872,7
3873,9
3874,2
3875,2
3876,6
3877,5
3878,24
3879,1
3880,1
3881,16
3882,9
3883,8
3884,3
3885,1
3886,7
3887,3
3888,8
3889,4
3890,7
3891,8
3892,12
3893,5
3894,11
3895,15
3896,5
3897,10
3898,15
3899,15
3900,11
3901,3
3902,14
3903,14
3904,13
3905,10
3906,5
3907,5
3908,3
3909,1
3910,5
3911,5
3912,4
3913,9
3914,11
3915,3
3916,5
3917,22
3918,2
3919,10
3920,6
3921,2
3922,8
3923,10
3924,13
3925,14
3926,13
3927,5
3928,8
3929,2
3930,9
3931,8
3932,8
3933,22
3934,10
3935,11
3936,14
3937,19
3938,12
3939,7
3940,12
3941,11
3942,6
3943,11
3944,19
3945,5
3946,6
3947,8
3948,4
3949,25
3950,9
3951,19
3952,10
3953,1
3954,8
3955,17
3956,8
3957,3
3958,3
3959,1
3960,12
3961,26
3962,27
3963,4
3964,11
3965,2
3966,1
3967,5
3968,8
3969,7
3970,4
3971,16
3972,1
3973,8
3974,11
3975,10
3976,3
3977,2
3978,6
3979,14
3980,15
3981,7
3982,2
3983,1
3984,26
3985,24
3986,5
3987,8
3988,14
3989,13
3990,23
3991,9
3992,10
3993,3
3994,2
3995,1
3996,13
3997,9
3998,22
3999,12
4000,1
4001,5
4002,19
4003,4
4004,3
4005,24
4006,9
4007,2
4008,17
4009,9
4010,15
4011,5
4012,5
4013,23
4014,17
4015,10
4016,7
4017,8
4018,21
4019,23
4020,4
4021,9
4022,12
4023,6
4024,34
4025,11
4026,2
4027,9
4028,16
4029,11
4030,14
4031,11
4032,14
4033,18
4034,3
4035,13
4036,18
4037,2
4038,12
4039,17
4040,20
4041,6
4042,5
4043,4
4044,9
4045,11
4046,3
4047,15
4048,10
4049,7
4050,21
4051,19
4052,19
4053,13
4054,9
4055,17
4056,14
4057,6
4058,8
4059,3
4060,22
4061,15
4062,4
4063,4
4064,23
4065,20
4066,4
4067,23
4068,11
4069,15
4070,10
4071,1
4072,10
4073,8
4074,9
4075,17
4076,14
4077,8
4078,20
4079,4
4080,6
4081,4
4082,9
4083,2
4084,17
4085,2
4086,15
4087,1
4088,2
4089,25
4090,4
4091,4
4092,3
4093,3
4094,4
4095,8
4096,5
4097,2
4098,10
4099,3
4100,13
4101,5
4102,12
4103,11
4104,2
4105,13
4106,8
4107,1
4108,3
4109,10
4110,3
4111,7
4112,22
4113,16
4114,7
4115,6
4116,6
4117,9
4118,9
4119,18
4120,7
4121,18
4122,1
4123,8
4124,15
4125,5
4126,6
4127,3
4128,21
4129,5
4130,2
4131,8
4132,7
4133,17
4134,15
4135,4
4136,3
4137,10
4138,13
4139,8
4140,5
4141,1
4142,16
4143,5
4144,7
4145,13
4146,5
4147,3
4148,12
4149,3
4150,9
4151,5
4152,16
4153,6
4154,8
4155,6
4156,8
4157,9
4158,2
4159,7
4160,16
4161,11
4162,3
4163,4
4164,6
4165,19
4166,10
4167,7
4168,3
4169,7
4170,16
4171,14
4172,15
4173,9
4174,4
4175,8
4176,14
4177,4
4178,3
4179,15
4180,12
4181,5
4182,18
4183,12
4184,1
4185,5
4186,2
4187,14
4188,18
4189,9
4190,1
4191,5
4192,14
4193,11
4194,12
4195,7
4196,5
4197,9
4198,7
4199,18
4200,5
4201,13
4202,14
4203,8
4204,14
4205,13
4206,24
4207,10
4208,14
4209,14
4210,8
4211,29
4212,8
4213,7
4214,8
4215,2
4216,19
4217,5
4218,7
4219,8
4220,11
4221,4
4222,7
4223,4
4224,12
4225,9
4226,9
4227,4
4228,3
4229,12
4230,2
4231,13
4232,11
4233,1
4234,7
4235,40
4236,16
4237,23
4238,3
4239,15
4240,17
4241,4
4242,4
4243,35
4244,5
4245,3
4246,8
4247,11
4248,4
4249,18
4250,3
4251,11
4252,7
4253,10
4254,3
4255,5
4256,10
4257,11
4258,2
4259,6
4260,16
4261,16
4262,20
4263,22
4264,19
4265,3
4266,5
4267,8
4268,15
4269,10
4270,9
4271,15
4272,26
4273,1
4274,25
4275,11
4276,1
4277,16
4278,5
4279,4
4280,17
4281,7
4282,8
4283,7
4284,14
4285,8
4286,16
4287,4
4288,5
4289,4
4290,16
4291,2
4292,8
4293,5
4294,12
4295,1
4296,28
4297,1
4298,9
4299,8
4300,6
4301,5
4302,6
4303,4
4304,24
4305,6
4306,7
4307,16
4308,4
4309,23
4310,9
4311,2
4312,3
4313,4
4314,7
4315,7
4316,2
4317,3
4318,10
4319,5
4320,9
4321,24
4322,9
4323,1
4324,19
4325,7
4326,9
4327,4
4328,19
4329,14
4330,15
4331,3
4332,7
4333,25
4334,5
4335,20
4336,6
4337,3
4338,9
4339,5
4340,7
4341,9
4342,11
4343,5
4344,3
4345,8
4346,16
4347,6
4348,9
4349,18
4350,1
4351,7
4352,10
4353,11
4354,7
4355,5
4356,13
4357,2
4358,12
4359,12
4360,14
4361,6
4362,2
4363,13
4364,6
4365,12
4366,11
4367,2
4368,11
4369,8
4370,19
4371,13
4372,5
4373,2
4374,12
4375,12
4376,20
4377,7
4378,10
4379,13
4380,3
4381,11
4382,3
4383,8
4384,21
4385,6
4386,2
4387,15
4388,3
4389,14
4390,4
4391,5
4392,4
4393,15
4394,5
4395,4
4396,6
4397,4
4398,2
4399,14
4400,1
4401,12
4402,9
4403,5
4404,5
4405,6
4406,3
4407,3
4408,1
4409,11
4410,1
4411,8
4412,21
4413,3
4414,7
4415,8
4416,5
4417,4
4418,4
4419,1
4420,12
4421,13
4422,20
4423,1
4424,3
4425,7
4426,11
4427,8
4428,16
4429,3
4430,8
4431,12
4432,16
4433,7
4434,7
4435,14
4436,7
4437,7
4438,8
4439,2
4440,31
4441,17
4442,5
4443,2
4444,6
4445,4
4446,10
4447,4
4448,12
4449,15
4450,11
4451,11
4452,6
4453,29
4454,27
4455,13
4456,23
4457,28
4458,25
4459,4
4460,3
4461,9
4462,10
4463,8
4464,4
4465,5
4466,14
4467,3
4468,13
4469,5
4470,22
4471,12
4472,5
4473,10
4474,1
4475,9
4476,9
4477,19
4478,2
4479,22
4480,32
4481,12
4482,5
4483,7
4484,4
4485,28
4486,10
4487,9
4488,12
4489,8
4490,10
4491,15
4492,22
4493,24
4494,1
4495,6
4496,7
4497,9
4498,3
4499,11
4500,9
4501,25
4502,14
4503,9
4504,4
4505,16
4506,14
4507,1
4508,16
4509,10
4510,1
4511,3
4512,36
4513,32
4514,28
4515,15
4516,8
4517,41
4518,6
4519,4
4520,1
4521,8
4522,9
4523,26
4524,15
4525,27
4526,6
4527,4
4528,6
4529,4
4530,18
4531,5
4532,15
4533,11
4534,6
4535,15
4536,10
4537,11
4538,13
4539,2
4540,4
4541,11
4542,1
4543,1
4544,3
4545,11
4546,9
4547,20
4548,21
4549,21
4550,30
4551,10
4552,4
4553,6
4554,10
4555,26
4556,9
4557,2
4558,4
4559,8
4560,20
4561,1
4562,19
4563,5
4564,19
4565,1
4566,6
4567,15
4568,33
4569,8
4570,11
4571,14
4572,18
4573,12
4574,2
4575,8
4576,13
4577,21
4578,10
4579,13
4580,4
4581,21
4582,5
4583,3
4584,21
4585,4
4586,5
4587,6
4588,12
4589,2
4590,7
4591,2
4592,9
4593,6
4594,4
4595,7
4596,2
4597,18
4598,14
4599,2
4600,4
4601,2
4602,6
4603,5
4604,13
4605,18
4606,10
4607,19
4608,16
4609,21
4610,7
4611,9
4612,5
4613,8
4614,5
4615,4
4616,17
4617,9
4618,4
4619,12
4620,17
4621,5
4622,19
4623,3
4624,10
4625,22
4626,16
4627,8
4628,4
4629,14
4630,9
4631,7
4632,1
4633,1
4634,3
4635,10
4636,12
4637,21
4638,12
4639,15
4640,17
4641,7
4642,9
4643,9
4644,6
4645,16
4646,3
4647,18
4648,9
4649,9
4650,13
4651,9
4652,15
4653,1
4654,7
4655,26
4656,19
4657,12
4658,5
4659,13
4660,3
4661,14
4662,6
4663,11
4664,9
4665,7
4666,6
4667,2
4668,7
4669,7
4670,7
4671,6
4672,1
4673,1
4674,19
4675,30
4676,11
4677,33
4678,21
4679,2
4680,2
4681,16
4682,5
4683,14
4684,9
4685,7
4686,8
4687,22
4688,2
4689,14
4690,4
4691,20
4692,9
4693,2
4694,16
4695,8
4696,8
4697,12
4698,15
4699,18
4700,14
4701,25
4702,3
4703,2
4704,15
4705,9
4706,4
4707,17
4708,6
4709,4
4710,3
4711,5
4712,1
4713,7
4714,5
4715,12
4716,1
4717,22
4718,24
4719,7
4720,14
4721,5
4722,6
4723,1
4724,8
4725,20
4726,8
4727,5
4728,19
4729,1
4730,55
4731,20
4732,27
4733,4
4734,7
4735,6
4736,11
4737,3
4738,13
4739,1
4740,10
4741,10
4742,13
4743,1
4744,9
4745,8
4746,3
4747,12
4748,11
4749,3
4750,1
4751,2
4752,12
4753,8
4754,9
4755,3
4756,25
4757,14
4758,13
4759,2
4760,13
4761,4
4762,5
4763,11
4764,14
4765,17
4766,8
4767,23
4768,31
4769,15
4770,27
4771,3
4772,1
4773,4
4774,13
4775,2
4776,1
4777,3
4778,8
4779,1
4780,10
4781,23
4782,13
4783,4
4784,13
4785,22
4786,1
4787,2
4788,4
4789,5
4790,21
4791,11
4792,12
4793,7
4794,15
4795,19
4796,8
4797,2
4798,5
4799,17
4800,11
4801,7
4802,7
4803,3
4804,37
4805,7
4806,22
4807,19
4808,4
4809,13
4810,13
4811,28
4812,6
4813,23
4814,11
4815,23
4816,9
4817,11
4818,5
4819,1
4820,2
4821,12
4822,5
4823,19
4824,8
4825,28
4826,10
4827,1
4828,49
4829,6
4830,29
4831,5
4832,12
4833,11
4834,2
4835,7
4836,12
4837,10
4838,8
4839,7
4840,14
4841,22
4842,10
4843,5
4844,23
4845,8
4846,7
4847,1
4848,7
4849,31
4850,6
4851,8
4852,12
4853,28
4854,18
4855,14
4856,6
4857,18
4858,25
4859,15
4860,13
4861,14
4862,6
4863,13
4864,8
4865,3
4866,7
4867,3
4868,1
4869,8
4870,6
4871,11
4872,35
4873,15
4874,19
4875,16
4876,5
4877,6
4878,5
4879,25
4880,2
4881,1
4882,18
4883,10
4884,1
4885,6
4886,13
4887,6
4888,9
4889,20
4890,13
4891,8
4892,21
4893,2
4894,29
4895,22
4896,17
4897,14
4898,22
4899,1
4900,6
4901,2
4902,6
4903,17
4904,5
4905,5
4906,14
4907,33
4908,6
4909,8
4910,19
4911,20
4912,8
4913,2
4914,7
4915,9
4916,18
4917,12
4918,13
4919,5
4920,10
4921,12
4922,7
4923,5
4924,26
4925,14
4926,10
4927,24
4928,7
4929,18
4930,3
4931,13
4932,22
4933,7
4934,10
4935,28
4936,15
4937,7
4938,23
4939,29
4940,11
4941,15
4942,17
4943,7
4944,20
4945,5
4946,15
4947,4
4948,14
4949,27
4950,10
4951,15
4952,4
4953,17
4954,11
4955,8
4956,16
4957,3
4958,12
4959,5
4960,6
4961,25
4962,11
4963,5
4964,4
4965,17
4966,4
4967,8
4968,14
4969,10
4970,9
4971,1
4972,2
4973,5
4974,12
4975,6
4976,7
4977,4
4978,16
4979,2
4980,21
4981,12
4982,6
4983,1
4984,7
4985,8
4986,2
4987,3
4988,25
4989,16
4990,13
4991,1
4992,12
4993,2
4994,11
4995,5
4996,15
4997,5
4998,14
4999,15
5000,19
5001,14
5002,7
5003,29
5004,15
5005,14
5006,6
5007,25
5008,13
5009,22
5010,3
5011,1
5012,11
5013,1
5014,35
5015,4
5016,2
5017,11
5018,18
5019,7
5020,3
5021,3
5022,9
5023,16
5024,1
5025,4
5026,1
5027,6
5028,8
5029,21
5030,5
5031,20
5032,1
5033,6
5034,14
5035,3
5036,2
5037,14
5038,15
5039,15
5040,2
5041,8
5042,1
5043,5
5044,13
5045,10
5046,13
5047,10
5048,17
5049,1
5050,20
5051,3
5052,6
5053,2
5054,6
5055,4
5056,2
5057,11
5058,2
5059,17
5060,12
5061,3
5062,20
5063,15
5064,4
5065,7
5066,2
5067,4
5068,3
5069,1
5070,13
5071,2
5072,10
5073,9
5074,13
5075,2
5076,9
5077,5
5078,23
5079,22
5080,12
5081,19
5082,2
5083,18
5084,3
5085,3
5086,3
5087,5
5088,2
5089,2
5090,15
5091,1
5092,15
5093,5
5094,6
5095,8
5096,4
5097,3
5098,14
5099,8
5100,1
5101,6
5102,3
5103,3
5104,5
5105,6
5106,4
5107,10
5108,4
5109,2
5110,5
5111,16
5112,5
5113,1
5114,3
5115,2
5116,1
5117,18
5118,8
5119,8
5120,9
5121,9
5122,3
5123,10
5124,6
5125,5
5126,4
5127,7
5128,14
5129,19
5130,7
5131,5
5132,3
5133,16
5134,2
5135,7
5136,12
5137,1
5138,3
5139,18
5140,1
5141,4
5142,6
5143,2
5144,9
5145,2
5146,17
5147,2
5148,8
5149,2
5150,8
5151,11
5152,5
5153,1
5154,11
5155,10
5156,14
5157,8
5158,10
5159,7
5160,4
5161,15
5162,5
5163,6
5164,5
5165,19
5166,16
5167,9
5168,5
5169,14
5170,5
5171,13
5172,8
5173,17
5174,30
5175,19
5176,4
5177,13
5178,17
5179,2
5180,12
5181,2
5182,6
5183,8
5184,12
5185,7
5186,4
5187,11
5188,7
5189,6
5190,19
5191,5
5192,10
5193,5
5194,8
5195,11
5196,2
5197,16
5198,8
5199,6
5200,1
5201,9
5202,6
5203,5
5204,2
5205,8
5206,16
5207,9
5208,7
5209,2
5210,4
5211,7
5212,3
5213,19
5214,21
5215,1
5216,5
5217,6
5218,3
5219,8
5220,10
5221,8
5222,2
5223,4
5224,1
5225,14
5226,2
5227,18
5228,13
5229,5
5230,6
5231,4
5232,7
5233,10
5234,10
5235,6
5236,6
5237,10
5238,9
5239,4
5240,10
5241,7
5242,5
5243,14
5244,5
5245,14
5246,6
5247,16
5248,13
5249,2
5250,10
5251,13
5252,6
5253,5
5254,4
5255,11
5256,6
5257,23
5258,13
5259,5
5260,12
5261,3
5262,10
5263,1
5264,21
5265,8
5266,14
5267,6
5268,15
5269,3
5270,5
5271,4
5272,7
5273,15
5274,10
5275,24
5276,27
5277,11
5278,1
5279,20
5280,9
5281,7
5282,4
5283,1
5284,2
5285,14
5286,15
5287,6
5288,4
5289,9
5290,10
5291,7
5292,11
5293,5
5294,18
5295,9
5296,1
5297,12
5298,18
5299,10
5300,7
5301,8
5302,5
5303,5
5304,2
5305,11
5306,19
5307,5
5308,7
5309,12
5310,6
5311,5
5312,15
5313,15
5314,6
5315,10
5316,16
5317,4
5318,16
5319,14
5320,9
5321,16
5322,9
5323,29
5324,7
5325,9
5326,5
5327,10
5328,18
5329,1
5330,6
5331,10
5332,6
5333,8
5334,10
5335,11
5336,7
5337,13
5338,14
5339,9
5340,7
5341,2
5342,7
5343,18
5344,8
5345,17
5346,3
5347,8
5348,10
5349,18
5350,21
5351,3
5352,12
5353,19
5354,9
5355,17
5356,13
5357,24
5358,11
5359,9
5360,10
5361,14
5362,20
5363,17
5364,3
5365,14
5366,3
5367,12
5368,8
5369,15
5370,1
5371,10
5372,16
5373,5
5374,10
5375,17
5376,11
5377,14
5378,3
5379,12
5380,24
5381,9
5382,14
5383,10
5384,1
5385,3
5386,27
5387,14
5388,10
5389,12
5390,8
5391,8
5392,5
5393,7
5394,8
5395,6
5396,7
5397,9
5398,2
5399,7
5400,5
5401,1
5402,14
5403,2
5404,8
5405,16
5406,13
5407,1
5408,6
5409,6
5410,5
5411,8
5412,14
5413,6
5414,2
5415,19
5416,2
5417,10
5418,19
5419,1
5420,13
5421,8
5422,27
5423,11
5424,8
5425,19
5426,10
5427,19
5428,4
5429,3
5430,17
5431,7
5432,3
5433,3
5434,17
5435,14
5436,15
5437,1
5438,12
5439,20
5440,7
5441,11
5442,11
5443,2
5444,13
5445,4
5446,27
5447,2
5448,1
5449,11
5450,1
5451,9
5452,1
5453,12
5454,1
5455,4
5456,25
5457,5
5458,20
5459,7
5460,11
5461,10
5462,13
5463,15
5464,3
5465,12
5466,8
5467,9
5468,3
5469,28
5470,34
5471,21
5472,1
5473,18
5474,2
5475,20
5476,11
5477,18
5478,4
5479,1
5480,8
5481,16
5482,18
5483,10
5484,16
5485,27
5486,6
5487,10
5488,9
5489,8
5490,21
5491,9
5492,11
5493,21
5494,13
5495,4
5496,15
5497,12
5498,15
5499,30
5500,8
5501,7
5502,20
5503,3
5504,6
5505,10
5506,5
5507,12
5508,6
5509,33
5510,20
5511,10
5512,8
5513,3
5514,9
5515,10
5516,8
5517,3
5518,17
5519,3
5520,10
5521,14
5522,9
5523,9
5524,20
5525,18
5526,11
5527,1
5528,14
5529,15
5530,6
5531,7
5532,1
5533,11
5534,12
5535,9
5536,21
5537,8
5538,8
5539,17
5540,2
5541,15
5542,8
5543,5
5544,5
5545,23
5546,15
5547,4
5548,6
5549,3
5550,5
5551,4
5552,16
5553,6
5554,10
5555,15
5556,10
5557,15
5558,16
5559,5
5560,4
5561,8
5562,28
5563,13
5564,24
5565,8
5566,7
5567,19
5568,7
5569,20
5570,7
5571,14
5572,4
5573,17
5574,9
5575,5
5576,16
5577,1
5578,2
5579,4
5580,13
5581,7
5582,8
5583,11
5584,9
5585,10
5586,4
5587,14
5588,14
5589,12
5590,9
5591,2
5592,5
5593,13
5594,16
5595,16
5596,13
5597,4
5598,6
5599,7
5600,2
5601,15
5602,14
5603,12
5604,15
5605,6
5606,16
5607,3
5608,1
5609,7
5610,2
5611,3
5612,18
5613,4
5614,8
5615,2
5616,15
5617,3
5618,2
5619,23
5620,1
5621,1
5622,19
5623,18
5624,17
5625,12
5626,1
5627,18
5628,14
5629,4
5630,5
5631,6
5632,3
5633,5
5634,12
5635,9
5636,5
5637,2
5638,4
5639,15
5640,14
5641,1
5642,21
5643,8
5644,11
5645,30
5646,1
5647,3
5648,3
5649,12
5650,16
5651,19
5652,5
5653,9
5654,15
5655,15
5656,17
5657,6
5658,11
5659,28
5660,13
5661,4
5662,1
5663,6
5664,5
5665,2
5666,16
5667,24
5668,15
5669,3
5670,5
5671,7
5672,18
5673,14
5674,16
5675,2
5676,7
5677,9
5678,3
5679,7
5680,7
5681,4
5682,14
5683,9
5684,14
5685,16
5686,2
5687,1
5688,10
5689,10
5690,24
5691,14
5692,9
5693,4
5694,15
5695,12
5696,9
5697,21
5698,3
5699,13
5700,12
5701,3
5702,20
5703,23
5704,18
5705,5
5706,7
5707,2
5708,11
5709,30
5710,14
5711,4
5712,18
5713,4
5714,14
5715,10
5716,9
5717,5
5718,17
5719,10
5720,5
5721,1
5722,19
5723,7
5724,6
5725,1
5726,10
5727,11
5728,34
5729,3
5730,2
5731,9
5732,4
5733,7
5734,11
5735,9
5736,4
5737,11
5738,23
5739,20
5740,9
5741,2
5742,3
5743,4
5744,1
5745,11
5746,4
5747,9
5748,24
5749,13
5750,6
5751,2
5752,20
5753,11
5754,12
5755,8
5756,16
5757,13
5758,3
5759,14
5760,34
5761,1
5762,12
5763,1
5764,10
5765,13
5766,4
5767,3
5768,8
5769,17
5770,1
5771,13
5772,14
5773,6
5774,7
5775,7
5776,5
5777,2
5778,7
5779,2
5780,18
5781,25
5782,15
5783,3
5784,7
5785,12
5786,10
5787,10
5788,22
5789,16
5790,9
5791,7
5792,15
5793,1
5794,1
5795,7
5796,8
5797,21
5798,25
5799,6
5800,4
5801,8
5802,5
5803,17
5804,5
5805,6
5806,20
5807,3
5808,5
5809,20
5810,14
5811,14
5812,7
5813,15
5814,16
5815,18
5816,3
5817,6
5818,40
5819,2
5820,22
5821,6
5822,19
5823,1
5824,9
5825,6
5826,11
5827,5
5828,3
5829,6
5830,10
5831,2
5832,5
5833,7
5834,26
5835,3
5836,1
5837,9
5838,10
5839,17
5840,3
5841,12
5842,1
5843,2
5844,11
5845,5
5846,14
5847,8
5848,1
5849,13
5850,7
5851,6
5852,14
5853,9
5854,8
5855,16
5856,17
5857,2
5858,18
5859,7
5860,2
5861,9
5862,27
5863,8
5864,1
5865,6
5866,4
5867,7
5868,2
5869,19
5870,1
5871,4
5872,3
5873,6
5874,9
5875,11
5876,8
5877,2
5878,4
5879,8
5880,6
5881,3
5882,7
5883,5
5884,11
5885,18
5886,8
5887,3
5888,3
5889,1
5890,10
5891,12
5892,6
5893,8
5894,7
5895,2
5896,5
5897,7
5898,9
5899,8
5900,10
5901,7
5902,10
5903,7
5904,7
5905,21
5906,15
5907,4
5908,11
5909,5
5910,7
5911,6
5912,10
5913,23
5914,28
5915,5
5916,26
5917,15
5918,8
5919,16
5920,17
5921,4
5922,17
5923,14
5924,2
5925,1
5926,10
5927,5
5928,10
5929,16
5930,6
5931,1
5932,16
5933,6
5934,5
5935,27
5936,25
5937,17
5938,15
5939,24
5940,9
5941,11
5942,6
5943,5
5944,11
5945,6
5946,14
5947,5
5948,12
5949,7
5950,8
5951,2
5952,6
5953,12
5954,9
5955,8
5956,9
5957,4
5958,6
5959,15
5960,9
5961,4
5962,6
5963,5
5964,16
5965,31
5966,3
5967,10
5968,14
5969,9
5970,9
5971,9
5972,11
5973,6
5974,5
5975,1
5976,9
5977,7
5978,8
5979,7
5980,20
5981,6
5982,15
5983,9
5984,6
5985,17
5986,10
5987,10
5988,18
5989,11
5990,2
5991,12
5992,4
5993,6
5994,7
5995,1
5996,9
5997,1
5998,17
5999,11
6000,5
6001,1
6002,10
6003,5
6004,11
6005,7
6006,6
6007,12
6008,17
6009,4
6010,5
6011,8
6012,8
6013,5
6014,3
6015,9
6016,10
6017,8
6018,5
6019,15
6020,19
6021,19
6022,4
6023,3
6024,8
6025,11
6026,11
6027,6
6028,12
6029,5
6030,11
6031,11
6032,12
6033,3
6034,7
6035,1
6036,13
6037,6
6038,9
6039,6
6040,9
6041,17
6042,2
6043,2
6044,4
6045,10
6046,4
6047,12
6048,3
6049,12
6050,8
6051,3
6052,4
6053,28
6054,6
6055,20
6056,12
6057,11
6058,4
6059,20
6060,10
6061,10
6062,9
6063,2
6064,4
6065,7
6066,2
6067,3
6068,7
6069,6
6070,9
6071,17
6072,2
6073,17
6074,1
6075,7
6076,1
6077,2
6078,3
6079,4
6080,12
6081,1
6082,13
6083,3
6084,7
6085,10
6086,2
6087,1
6088,8
6089,14
6090,1
6091,8
6092,12
6093,7
6094,9
6095,8
6096,4
6097,5
6098,11
6099,6
6100,1
6101,2
6102,14
6103,4
6104,10
6105,8
6106,11
6107,6
6108,2
6109,2
6110,8
6111,10
6112,4
6113,3
6114,8
6115,7
6116,8
6117,4
6118,9
6119,2
6120,7
6121,2
6122,6
6123,2
6124,11
6125,3
6126,5
6127,10
6128,12
6129,2
6130,11
6131,10
6132,3
6133,18
6134,14
6135,13
6136,4
6137,19
6138,2
6139,5
6140,10
6141,11
6142,4
6143,6
6144,10
6145,13
6146,24
6147,3
6148,19
6149,16
6150,6
6151,4
6152,8
6153,8
6154,11
6155,9
6156,5
6157,4
6158,4
6159,10
6160,17
6161,16
6162,4
6163,5
6164,2
6165,5
6166,6
6167,5
6168,6
6169,11
6170,2
6171,8
6172,12
6173,4
6174,15
6175,2
6176,7
6177,9
6178,13
6179,8
6180,5
6181,7
6182,4
6183,6
6184,21
6185,22
6186,7
6187,12
6188,1
6189,11
6190,2
6191,2
6192,9
6193,8
6194,5
6195,5
6196,8
6197,7
6198,10
6199,4
6200,21
6201,6
6202,8
6203,9
6204,16
6205,1
6206,3
6207,2
6208,1
6209,11
6210,10
6211,13
6212,5
6213,8
6214,11
6215,15
6216,3
6217,4
6218,1
6219,2
6220,15
6221,4
6222,4
6223,3
6224,2
6225,2
6226,6
6227,4
6228,3
6229,8
6230,2
6231,10
6232,2
6233,5
6234,9
6235,7
6236,4
6237,8
6238,13
6239,7
6240,7
6241,15
6242,12
6243,15
6244,7
6245,14
6246,1
6247,22
6248,10
6249,2
6250,3
6251,3
6252,16
6253,10
6254,10
6255,25
6256,8
6257,20
6258,6
6259,5
6260,9
6261,12
6262,3
6263,3
6264,6
6265,19
6266,4
6267,8
6268,4
6269,7
6270,11
6271,4
6272,1
6273,2
6274,8
6275,11
6276,2
6277,10
6278,4
6279,3
6280,12
6281,3
6282,5
6283,17
6284,13
6285,1
6286,10
6287,12
6288,8
6289,4
6290,6
6291,4
6292,3
6293,3
6294,6
6295,4
6296,18
6297,1
6298,1
6299,5
6300,12
6301,3
6302,10
6303,14
6304,14
6305,4
6306,16
6307,6
6308,7
6309,11
6310,3
6311,15
6312,4
6313,6
6314,4
6315,7
6316,1
6317,9
6318,3
6319,13
6320,5
6321,10
6322,15
6323,8
6324,5
6325,11
6326,19
6327,4
6328,3
6329,21
6330,2
6331,5
6332,9
6333,3
6334,23
6335,7
6336,4
6337,5
6338,29
6339,1
6340,13
6341,8
6342,5
6343,1
6344,19
6345,13
6346,6
6347,3
6348,2
6349,2
6350,11
6351,14
6352,3
6353,24
6354,3
6355,1
6356,8
6357,24
6358,3
6359,18
6360,15
6361,11
6362,4
6363,2
6364,9
6365,4
6366,1
6367,2
6368,6
6369,8
6370,8
6371,7
6372,1
6373,6
6374,9
6375,5
6376,4
6377,16
6378,6
6379,15
6380,5
6381,4
6382,8
6383,19
6384,5
6385,2
6386,8
6387,5
6388,3
6389,9
6390,2
6391,11
6392,2
6393,2
6394,1
6395,2
6396,8
6397,4
6398,7
6399,6
6400,5
6401,8
6402,5
6403,10
6404,2
6405,10
6406,6
6407,11
6408,19
6409,17
6410,1
6411,11
6412,15
6413,1
6414,9
6415,11
6416,1
6417,16
6418,8
6419,9
6420,14
6421,6
6422,8
6423,7
6424,4
6425,10
6426,10
6427,10
6428,7
6429,5
6430,5
6431,12
6432,8
6433,20
6434,7
6435,7
6436,8
6437,24
6438,11
6439,10
6440,7
6441,1
6442,4
6443,1
6444,2
6445,5
6446,26
6447,6
6448,17
6449,7
6450,22
6451,2
6452,16
6453,10
6454,21
6455,2
6456,1
6457,3
6458,3
6459,34
6460,10
6461,6
6462,5
6463,19
6464,5
6465,11
6466,8
6467,11
6468,8
6469,3
6470,4
6471,7
6472,15
6473,21
6474,10
6475,21
6476,4
6477,14
6478,9
6479,3
6480,21
6481,10
6482,6
6483,19
6484,11
6485,13
6486,15
6487,5
6488,25
6489,15
6490,12
6491,13
6492,14
6493,3
6494,13
6495,13
6496,1
6497,1
6498,1
6499,12
6500,13
6501,6
6502,5
6503,16
6504,7
6505,9
6506,13
6507,6
6508,13
6509,5
6510,1
6511,17
6512,3
6513,1
6514,16
6515,16
6516,19
6517,7
6518,7
6519,7
6520,5
6521,2
6522,19
6523,3
6524,1
6525,11
6526,19
6527,7
6528,8
6529,10
6530,8
6531,21
6532,4
6533,3
6534,4
6535,12
6536,4
6537,2
6538,3
6539,16
6540,16
6541,1
6542,8
6543,2
6544,11
6545,4
6546,3
6547,7
6548,22
6549,7
6550,10
6551,5
6552,20
6553,15
6554,20
6555,14
6556,18
6557,13
6558,3
6559,6
6560,8
6561,21
6562,4
6563,6
6564,19
6565,8
6566,7
6567,4
6568,1
6569,5
6570,2
6571,1
6572,1
6573,4
6574,4
6575,2
6576,4
6577,14
6578,7
6579,2
6580,7
6581,2
6582,2
6583,8
6584,4
6585,4
6586,4
6587,6
6588,14
6589,12
6590,2
6591,6
6592,12
6593,4
6594,1
6595,5
6596,16
6597,8
6598,4
6599,12
6600,1
6601,6
6602,11
6603,17
6604,12
6605,14
6606,12
6607,7
6608,1
6609,12
6610,2
6611,6
6612,7
6613,14
6614,11
6615,11
6616,8
6617,12
6618,11
6619,11
6620,4
6621,1
6622,7
6623,9
6624,10
6625,17
6626,3
6627,9
6628,17
6629,11
6630,12
6631,12
6632,11
6633,3
6634,3
6635,1
6636,13
6637,9
6638,1
6639,2
6640,3
6641,11
6642,8
6643,8
6644,11
6645,9
6646,2
6647,2
6648,8
6649,24
6650,4
6651,17
6652,5
6653,6
6654,14
6655,7
6656,3
6657,16
6658,18
6659,1
6660,5
6661,13
6662,3
6663,14
6664,10
6665,1
6666,13
6667,1
6668,9
6669,13
6670,5
6671,13
6672,5
6673,1
6674,6
6675,2
6676,5
6677,1
6678,10
6679,4
6680,6
6681,2
6682,2
6683,4
6684,10
6685,17
6686,7
6687,2
6688,5
6689,7
6690,6
6691,6
6692,3
6693,9
6694,17
6695,15
6696,7
6697,19
6698,16
6699,3
6700,6
6701,11
6702,7
6703,5
6704,5
6705,17
6706,9
6707,4
6708,15
6709,5
6710,4
6711,6
6712,24
6713,4
6714,13
6715,5
6716,11
6717,1
6718,18
6719,5
6720,4
6721,2
6722,9
6723,10
6724,1
6725,2
6726,6
6727,6
6728,1
6729,4
6730,4
6731,5
6732,2
6733,9
6734,9
6735,9
6736,20
6737,16
6738,5
6739,8
6740,5
6741,1
6742,21
6743,13
6744,4
6745,18
6746,18
6747,18
6748,9
6749,9
6750,10
6751,10
6752,17
6753,6
6754,13
6755,1
6756,1
6757,6
6758,1
6759,8
6760,8
6761,7
6762,4
6763,3
6764,3
6765,17
6766,3
6767,4
6768,3
6769,13
6770,9
6771,1
6772,5
6773,8
6774,1
6775,7
6776,9
6777,3
6778,5
6779,2
6780,16
6781,7
6782,13
6783,7
6784,18
6785,6
6786,5
6787,13
6788,8
6789,10
6790,5
6791,1
6792,7
6793,12
6794,6
6795,1
6796,8
6797,3
6798,1
6799,9
6800,2
6801,11
6802,6
6803,9
6804,6
6805,18
6806,13
6807,2
6808,27
6809,12
6810,28
6811,4
6812,15
6813,3
6814,10
6815,11
6816,4
6817,18
6818,8
6819,1
6820,2
6821,8
6822,1
6823,9
6824,11
6825,1
6826,2
6827,9
6828,13
6829,18
6830,1
6831,3
6832,4
6833,5
6834,14
6835,3
6836,8
6837,7
6838,18
6839,6
6840,5
6841,10
6842,5
6843,11
6844,7
6845,11
6846,9
6847,5
6848,4
6849,8
6850,12
6851,10
6852,14
6853,7
6854,14
6855,13
6856,4
6857,7
6858,3
6859,9
6860,2
6861,6
6862,13
6863,7
6864,11
6865,14
6866,8
6867,3
6868,13
6869,1
6870,12
6871,7
6872,6
6873,13
6874,1
6875,11
6876,5
6877,8
6878,6
6879,5
6880,9
6881,9
6882,3
6883,1
6884,11
6885,1
6886,2
6887,2
6888,8
6889,4
6890,8
6891,15
6892,1
6893,3
6894,1
6895,10
6896,3
6897,11
6898,3
6899,3
6900,18
6901,3
6902,4
6903,13
6904,3
6905,13
6906,12
6907,2
6908,6
6909,10
6910,11
6911,14
6912,2
6913,10
6914,4
6915,3
6916,8
6917,3
6918,17
6919,21
6920,10
6921,2
6922,11
6923,9
6924,22
6925,9
6926,15
6927,9
6928,21
6929,18
6930,11
6931,5
6932,10
6933,10
6934,1
6935,7
6936,24
6937,5
6938,2
6939,20
6940,4
6941,17
6942,10
6943,4
6944,15
6945,10
6946,8
6947,17
6948,10
6949,15
6950,17
6951,1
6952,12
6953,3
6954,24
6955,12
6956,14
6957,3
6958,2
6959,14
6960,24
6961,14
6962,4
6963,14
6964,10
6965,7
6966,11
6967,8
6968,30
6969,12
6970,15
6971,2
6972,17
6973,16
6974,4
6975,6
6976,17
6977,16
6978,3
6979,6
6980,16
6981,9
6982,2
6983,16
6984,5
6985,12
6986,9
6987,1
6988,33
6989,16
6990,9
6991,2
6992,28
6993,2
6994,40
6995,1
6996,11
6997,2
6998,4
6999,12
7000,30
7001,8
7002,20
7003,1
7004,1
7005,7
7006,4
7007,26
7008,8
7009,5
7010,10
7011,15
7012,2
7013,16
7014,6
7015,11
7016,12
7017,3
7018,2
7019,6
7020,2
7021,13
7022,16
7023,1
7024,25
7025,15
7026,17
7027,10
7028,22
7029,10
7030,9
7031,1
7032,4
7033,3
7034,5
7035,8
7036,8
7037,9
7038,1
7039,17
7040,9
7041,3
7042,22
7043,22
7044,6
7045,2
7046,16
7047,22
7048,23
7049,11
7050,4
7051,2
7052,20
7053,15
7054,10
7055,16
7056,12
7057,7
7058,40
7059,36
7060,4
7061,8
7062,7
7063,7
7064,21
7065,8
7066,7
7067,2
7068,22
7069,5
7070,11
7071,1
7072,19
7073,1
7074,6
7075,2
7076,17
7077,10
7078,8
7079,16
7080,12
7081,3
7082,16
7083,12
7084,3
7085,6
7086,11
7087,7
7088,13
7089,13
7090,11
7091,4
7092,9
7093,7
7094,11
7095,4
7096,3
7097,3
7098,13
7099,1
7100,6
7101,8
7102,8
7103,4
7104,20
7105,8
7106,2
7107,9
7108,11
7109,26
7110,11
7111,11
7112,3
7113,10
7114,14
7115,5
7116,14
7117,5
7118,12
7119,17
7120,13
7121,7
7122,10
7123,23
7124,31
7125,19
7126,7
7127,2
7128,10
7129,17
7130,18
7131,2
7132,9
7133,6
7134,14
7135,1
7136,32
7137,8
7138,4
7139,5
7140,20
7141,19
7142,11
7143,6
7144,33
7145,8
7146,1
7147,5
7148,8
7149,6
7150,26
7151,3
7152,7
7153,10
7154,3
7155,11
7156,7
7157,10
7158,21
7159,7
7160,3
7161,15
7162,9
7163,13
7164,11
7165,14
7166,4
7167,11
7168,2
7169,4
7170,13
7171,4
7172,8
7173,13
7174,1
7175,9
7176,9
7177,8
7178,1
7179,8
7180,20
7181,7
7182,5
7183,8
7184,14
7185,6
7186,10
7187,2
7188,11
7189,25
7190,33
7191,8
7192,8
7193,7
7194,17
7195,11
7196,1
7197,19
7198,1
7199,3
7200,26
7201,6
7202,7
7203,27
7204,11
7205,40
7206,37
7207,15
7208,9
7209,2
7210,36
7211,4
7212,10
7213,34
7214,7
7215,10
7216,2
7217,19
7218,3
7219,13
7220,10
7221,18
7222,10
7223,15
7224,14
7225,19
7226,17
7227,8
7228,8
7229,11
7230,17
7231,16
7232,8
7233,28
7234,9
7235,25
7236,6
7237,37
7238,19
7239,3
7240,9
7241,8
7242,21
7243,14
7244,31
7245,7
7246,9
7247,20
7248,11
7249,2
7250,27
7251,7
7252,11
7253,15
7254,2
7255,2
7256,20
7257,4
7258,2
7259,10
7260,26
7261,4
7262,5
7263,9
7264,7
7265,12
7266,3
7267,14
7268,5
7269,9
7270,21
7271,5
7272,12
7273,22
7274,23
7275,6
7276,1
7277,29
7278,5
7279,4
7280,2
7281,13
7282,20
7283,16
7284,16
7285,6
7286,40
7287,2
7288,14
7289,10
7290,1
7291,9
7292,5
7293,9
7294,17
7295,6
7296,29
7297,7
7298,22
7299,9
7300,34
7301,20
7302,19
7303,46
7304,14
7305,24
7306,1
7307,7
7308,7
7309,12
7310,5
7311,9
7312,10
7313,10
7314,7
7315,16
7316,8
7317,5
7318,13
7319,17
7320,7
7321,1
7322,9
7323,14
7324,24
7325,10
7326,15
7327,11
7328,34
7329,16
7330,18
7331,2
7332,10
7333,17
7334,5
7335,3
7336,3
7337,11
7338,5
7339,9
7340,15
7341,14
7342,3
7343,19
7344,9
7345,11
7346,18
7347,26
7348,12
7349,10
7350,1
7351,16
7352,3
7353,9
7354,20
7355,3
7356,6
7357,20
7358,5
7359,12
7360,5
7361,14
7362,2
7363,9
7364,22
7365,12
7366,2
7367,11
7368,7
7369,9
7370,11
7371,2
7372,5
7373,8
7374,6
7375,2
7376,12
7377,3
7378,12
7379,6
7380,8
7381,4
7382,24
7383,8
7384,3
7385,24
7386,8
7387,9
7388,9
7389,14
7390,19
7391,9
7392,5
7393,10
7394,5
7395,10
7396,2
7397,13
7398,6
7399,2
7400,3
7401,25
7402,11
7403,12
7404,22
7405,20
7406,14
7407,16
7408,24
7409,1
7410,5
7411,8
7412,1
7413,20
7414,21
7415,10
7416,23
7417,3
7418,1
7419,27
7420,11
7421,2
7422,9
7423,28
7424,1
7425,19
7426,15
7427,22
7428,5
7429,1
7430,4
7431,2
7432,4
7433,13
7434,4
7435,9
7436,3
7437,4
7438,12
7439,3
7440,2
7441,8
7442,11
7443,7
7444,6
7445,10
7446,4
7447,1
7448,6
7449,7
7450,5
7451,1
7452,1
7453,17
7454,1
7455,2
7456,11
7457,5
7458,2
7459,10
7460,1
7461,10
7462,4
7463,10
7464,5
7465,2
7466,2
7467,5
7468,2
7469,2
7470,5
7471,4
7472,8
7473,12
7474,4
7475,7
7476,3
7477,10
7478,2
7479,21
7480,11
7481,11
7482,28
7483,8
7484,8
7485,4
7486,7
7487,15
7488,3
7489,4
7490,11
7491,11
7492,7
7493,19
7494,4
7495,10
7496,12
7497,1
7498,14
7499,1
7500,6
7501,15
7502,8
7503,5
7504,15
7505,14
7506,3
7507,5
7508,4
7509,2
7510,5
7511,7
7512,6
7513,11
7514,7
7515,12
7516,23
7517,18
7518,5
7519,18
7520,2
7521,10
7522,13
7523,6
7524,6
7525,9
7526,13
7527,2
7528,5
7529,2
7530,15
7531,3
7532,12
7533,4
7534,17
7535,14
7536,3
7537,13
7538,14
7539,7
7540,5
7541,5
7542,5
7543,18
7544,12
7545,7
7546,2
7547,4
7548,5
7549,5
7550,2
7551,5
7552,4
7553,11
7554,16
7555,3
7556,19
7557,4
7558,2
7559,1
7560,10
7561,2
7562,9
7563,11
7564,4
7565,10
7566,5
7567,19
7568,7
7569,7
7570,9
7571,12
7572,2
7573,9
7574,7
7575,14
7576,4
7577,8
7578,8
7579,3
7580,1
7581,5
7582,1
7583,7
7584,9
7585,3
7586,2
7587,1
7588,1
7589,7
7590,7
7591,3
7592,1
7593,15
7594,15
7595,2
7596,15
7597,7
7598,3
7599,5
7600,4
7601,6
7602,1
7603,15
7604,14
7605,12
7606,7
7607,7
7608,1
7609,7
7610,3
7611,2
7612,9
7613,8
7614,11
7615,13
7616,7
7617,1
7618,11
7619,13
7620,4
7621,4
7622,13
7623,2
7624,12
7625,9
7626,12
7627,3
7628,9
7629,6
7630,10
7631,15
7632,1
7633,12
7634,1
7635,9
7636,4
7637,1
7638,4
7639,20
7640,6
7641,4
7642,6
7643,1
7644,13
7645,14
7646,1
7647,12
7648,8
7649,7
7650,9
7651,6
7652,4
7653,8
7654,6
7655,3
7656,18
7657,2
7658,10
7659,6
7660,13
7661,9
7662,2
7663,5
7664,7
7665,5
7666,4
7667,11
7668,5
7669,7
7670,23
7671,15
7672,10
7673,3
7674,16
7675,14
7676,6
7677,6
7678,6
7679,10
7680,6
7681,9
7682,15
7683,8
7684,18
7685,16
7686,7
7687,16
7688,4
7689,21
7690,6
7691,3
7692,10
7693,3
7694,7
7695,12
7696,9
7697,1
7698,11
7699,10
7700,12
7701,10
7702,3
7703,7
7704,6
7705,17
7706,7
7707,4
7708,6
7709,6
7710,1
7711,1
7712,16
7713,2
7714,13
7715,5
7716,2
7717,3
7718,22
7719,9
7720,4
7721,5
7722,2
7723,8
7724,8
7725,5
7726,1
7727,16
7728,7
7729,1
7730,10
7731,5
7732,1
7733,7
7734,8
7735,7
7736,12
7737,16
7738,11
7739,13
7740,26
7741,9
7742,12
7743,2
7744,4
7745,2
7746,13
7747,6
7748,5
7749,11
7750,14
7751,15
7752,2
7753,13
7754,9
7755,11
7756,4
7757,3
7758,11
7759,6
7760,16
7761,4
7762,9
7763,10
7764,5
7765,15
7766,1
7767,1
7768,7
7769,4
7770,2
7771,7
7772,11
7773,2
7774,24
7775,8
7776,12
7777,9
7778,9
7779,8
7780,8
7781,23
7782,2
7783,12
7784,1
7785,13
7786,18
7787,8
7788,3
7789,7
7790,10
7791,3
7792,2
7793,7
7794,11
7795,13
7796,1
7797,9
7798,8
7799,3
7800,7
7801,1
7802,13
7803,6
7804,5
7805,5
7806,9
7807,1
7808,3
7809,6
7810,1
7811,4
7812,5
7813,7
7814,15
7815,1
7816,2
7817,5
7818,12
7819,18
7820,9
7821,11
7822,3
7823,21
7824,14
7825,11
7826,9
7827,12
7828,6
7829,18
7830,7
7831,5
7832,2
7833,10
7834,1
7835,8
7836,13
7837,5
7838,14
7839,6
7840,6
7841,9
7842,7
7843,9
7844,13
7845,7
7846,15
7847,4
7848,4
7849,9
7850,8
7851,6
7852,9
7853,6
7854,7
7855,13
7856,13
7857,8
7858,1
7859,8
7860,8
7861,3
7862,9
7863,6
7864,1
7865,13
7866,10
7867,8
7868,11
7869,7
7870,7
7871,8
7872,6
7873,2
7874,1
7875,3
7876,1
7877,3
7878,1
7879,5
7880,8
7881,11
7882,4
7883,7
7884,5
7885,9
7886,4
7887,5
7888,6
7889,2
7890,1
7891,6
7892,5
7893,14
7894,20
7895,12
7896,2
7897,29
7898,10
7899,7
7900,2
7901,13
7902,9
7903,15
7904,9
7905,28
7906,14
7907,1
7908,15
7909,19
7910,4
7911,11
7912,5
7913,1
7914,17
7915,4
7916,14
7917,3
7918,10
7919,18
7920,7
7921,23
7922,3
7923,16
7924,2
7925,6
7926,9
7927,4
7928,12
7929,3
7930,6
7931,16
7932,9
7933,11
7934,8
7935,10
7936,6
7937,11
7938,1
7939,5
7940,1
7941,2
7942,11
7943,5
7944,24
7945,16
7946,8
7947,3
7948,1
7949,6
7950,9
7951,4
7952,11
7953,1
7954,10
7955,2
7956,5
7957,14
7958,3
7959,6
7960,7
7961,7
7962,5
7963,4
7964,1
7965,4
7966,9
7967,7
7968,10
7969,1
7970,11
7971,12
7972,6
7973,1
7974,27
7975,7
7976,3
7977,14
7978,1
7979,15
7980,12
7981,4
7982,10
7983,2
7984,28
7985,14
7986,13
7987,9
7988,3
7989,4
7990,12
7991,12
7992,1
7993,13
7994,3
7995,15
7996,13
7997,14
7998,2
7999,12
8000,25
8001,2
8002,2
8003,1
8004,1
8005,8
8006,5
8007,7
8008,1
8009,10
8010,2
8011,23
8012,3
8013,2
8014,17
8015,7
8016,1
8017,3
8018,1
8019,7
8020,4
8021,5
8022,2
8023,3
8024,21
8025,19
8026,6
8027,1
8028,3
8029,12
8030,5
8031,7
8032,21
8033,23
8034,4
8035,8
8036,5
8037,19
8038,8
8039,13
8040,4
8041,5
8042,8
8043,1
8044,14
8045,12
8046,3
8047,4
8048,1
8049,27
8050,1
8051,27
8052,5
8053,16
8054,1
8055,11
8056,2
8057,3
8058,4
8059,5
8060,9
8061,2
8062,14
8063,8
8064,8
8065,1
8066,17
8067,5
8068,4
8069,8
8070,17
8071,2
8072,13
8073,10
8074,9
8075,11
8076,6
8077,15
8078,10
8079,14
8080,1
8081,16
8082,2
8083,8
8084,11
8085,4
8086,8
8087,23
8088,4
8089,10
8090,4
8091,15
8092,7
8093,3
8094,12
8095,1
8096,3
8097,12
8098,13
8099,10
8100,1
8101,12
8102,16
8103,3
8104,10
8105,4
8106,4
8107,6
8108,7
8109,15
8110,4
8111,3
8112,3
8113,11
8114,21
8115,3
8116,7
8117,22
8118,1
8119,4
8120,5
8121,10
8122,8
8123,5
8124,7
8125,4
8126,25
8127,5
8128,19
8129,1
8130,11
8131,6
8132,4
8133,7
8134,5
8135,2
8136,12
8137,3
8138,6
8139,8
8140,3
8141,2
8142,2
8143,3
8144,9
8145,9
8146,9
8147,9
8148,1
8149,1
8150,7
8151,13
8152,10
8153,3
8154,10
8155,12
8156,15
8157,13
8158,11
8159,9
8160,12
8161,9
8162,6
8163,8
8164,8
8165,7
8166,9
8167,1
8168,4
8169,17
8170,6
8171,23
8172,4
8173,6
8174,12
8175,4
8176,1
8177,6
8178,8
8179,17
8180,12
8181,3
8182,17
8183,16
8184,21
8185,18
8186,12
8187,14
8188,4
8189,1
8190,10
8191,2
8192,9
8193,21
8194,24
8195,2
8196,12
8197,4
8198,6
8199,15
8200,19
8201,4
8202,2
8203,5
8204,4
8205,9
8206,4
8207,15
8208,7
8209,16
8210,4
8211,1
8212,3
8213,28
8214,2
8215,8
8216,11
8217,7
8218,4
8219,4
8220,10
8221,14
8222,16
8223,4
8224,1
8225,15
8226,5
8227,18
8228,9
8229,10
8230,2
8231,3
8232,7
8233,5
8234,2
8235,18
8236,3
8237,7
8238,7
8239,11
8240,25
8241,9
8242,8
8243,8
8244,5
8245,5
8246,11
8247,5
8248,12
8249,6
8250,6
8251,4
8252,5
8253,6
8254,10
8255,16
8256,17
8257,1
8258,4
8259,4
8260,6
8261,11
8262,4
8263,1
8264,13
8265,6
8266,1
8267,9
8268,2
8269,25
8270,3
8271,14
8272,6
8273,19
8274,10
8275,6
8276,7
8277,5
8278,1
8279,10
8280,3
8281,6
8282,11
8283,1
8284,13
8285,5
8286,5
8287,3
8288,13
8289,7
8290,12
8291,12
8292,11
8293,31
8294,9
8295,10
8296,2
8297,22
8298,1
8299,5
8300,8
8301,9
8302,8
8303,3
8304,2
8305,6
8306,7
8307,6
8308,9
8309,4
8310,5
8311,2
8312,1
8313,3
8314,10
8315,3
8316,5
8317,4
8318,28
8319,16
8320,14
8321,10
8322,18
8323,20
8324,8
8325,12
8326,7
8327,6
8328,5
8329,6
8330,3
8331,12
8332,3
8333,12
8334,3
8335,4
8336,12
8337,18
8338,5
8339,9
8340,9
8341,11
8342,7
8343,1
8344,16
8345,11
8346,8
8347,1
8348,1
8349,7
8350,4
8351,13
8352,10
8353,16
8354,4
8355,3
8356,10
8357,12
8358,8
8359,18
8360,15
8361,13
8362,5
8363,11
8364,3
8365,6
8366,7
8367,10
8368,3
8369,12
8370,4
8371,8
8372,17
8373,1
8374,3
8375,6
8376,15
8377,7
8378,8
8379,5
8380,20
8381,3
8382,8
8383,8
8384,1
8385,15
8386,5
8387,4
8388,17
8389,23
8390,14
8391,15
8392,7
8393,18
8394,8
8395,8
8396,3
8397,8
8398,5
8399,8
8400,14
8401,11
8402,3
8403,12
8404,4
8405,9
8406,11
8407,8
8408,6
8409,19
8410,3
8411,9
8412,3
8413,3
8414,6
8415,3
8416,21
8417,33
8418,28
8419,8
8420,6
8421,18
8422,4
8423,11
8424,5
8425,9
8426,19
8427,3
8428,18
8429,6
8430,12
8431,14
8432,2
8433,2
8434,8
8435,2
8436,1
8437,7
8438,7
8439,19
8440,20
8441,4
8442,2
8443,14
8444,7
8445,8
8446,12
8447,10
8448,8
8449,12
8450,11
8451,4
8452,18
8453,14
8454,13
8455,6
8456,3
8457,11
8458,7
8459,9
8460,24
8461,19
8462,8
8463,8
8464,9
8465,2
8466,17
8467,3
8468,18
8469,13
8470,7
8471,14
8472,3
8473,1
8474,9
8475,8
8476,6
8477,13
8478,7
8479,19
8480,5
8481,2
8482,10
8483,1
8484,6
8485,3
8486,15
8487,14
8488,6
8489,3
8490,3
8491,23
8492,2
8493,12
8494,6
8495,8
8496,3
8497,10
8498,14
8499,19
8500,9
8501,2
8502,19
8503,12
8504,10
8505,10
8506,12
8507,20
8508,17
8509,9
8510,14
8511,10
8512,12
8513,2
8514,11
8515,15
8516,12
8517,3
8518,4
8519,29
8520,7
8521,1
8522,5
8523,7
8524,23
8525,11
8526,5
8527,14
8528,18
8529,5
8530,26
8531,7
8532,25
8533,15
8534,20
8535,3
8536,7
8537,16
8538,3
8539,13
8540,16
8541,18
8542,1
8543,12
8544,31
8545,11
8546,7
8547,3
8548,18
8549,21
8550,6
8551,7
8552,14
8553,12
8554,6
8555,17
8556,8
8557,11
8558,7
8559,5
8560,2
8561,2
8562,1
8563,1
8564,3
8565,4
8566,11
8567,26
8568,3
8569,24
8570,8
8571,15
8572,13
8573,2
8574,12
8575,11
8576,21
8577,22
8578,5
8579,19
8580,8
8581,2
8582,5
8583,11
8584,17
8585,16
8586,17
8587,10
8588,8
8589,2
8590,7
8591,2
8592,4
8593,20
8594,11
8595,12
8596,1
8597,4
8598,10
8599,3
8600,6
8601,8
8602,3
8603,1
8604,2
8605,16
8606,4
8607,6
8608,28
8609,27
8610,1
8611,8
8612,6
8613,1
8614,3
8615,14
8616,9
8617,6
8618,1
8619,1
8620,16
8621,25
8622,3
8623,20
8624,9
8625,22
8626,10
8627,14
8628,1
8629,23
8630,12
8631,14
8632,6
8633,2
8634,10
8635,11
8636,5
8637,15
8638,1
8639,1
8640,2
8641,2
8642,9
8643,5
8644,4
8645,3
8646,8
8647,3
8648,15
8649,5
8650,4
8651,10
8652,13
8653,4
8654,3
8655,10
8656,3
8657,10
8658,4
8659,19
8660,25
8661,1
8662,5
8663,6
8664,18
8665,6
8666,22
8667,6
8668,9
8669,5
8670,7
8671,7
8672,3
8673,4
8674,6
8675,46
8676,7
8677,2
8678,5
8679,17
8680,20
8681,12
8682,10
8683,9
8684,15
8685,7
8686,15
8687,5
8688,18
8689,21
8690,41
8691,16
8692,11
8693,6
8694,12
8695,3
8696,11
8697,5
8698,7
8699,1
8700,7
8701,3
8702,7
8703,2
8704,14
8705,4
8706,14
8707,10
8708,4
8709,9
8710,8
8711,3
8712,17
8713,4
8714,2
8715,16
8716,27
8717,21
8718,1
8719,2
8720,20
8721,1
8722,4
8723,17
8724,5
8725,2
8726,10
8727,22
8728,11
8729,17
8730,31
8731,2
8732,9
8733,1
8734,11
8735,26
8736,10
8737,12
8738,16
8739,9
8740,8
8741,2
8742,4
8743,15
8744,6
8745,1
8746,2
8747,7
8748,11
8749,14
8750,1
8751,2
8752,11
8753,7
8754,17
8755,7
8756,2
8757,10
8758,15
8759,1
8760,15
8761,4
8762,17
8763,6
8764,16
8765,3
8766,6
8767,6
8768,17
8769,2
8770,13
8771,18
8772,5
8773,1
8774,13
8775,1
8776,1
8777,13
8778,10
8779,15
8780,1
8781,14
8782,1
8783,9
8784,14
8785,12
8786,19
8787,15
8788,40
8789,4
8790,25
8791,2
8792,17
8793,5
8794,11
8795,5
8796,12
8797,3
8798,11
8799,7
8800,1
8801,12
8802,2
8803,6
8804,17
8805,8
8806,4
8807,5
8808,21
8809,21
8810,6
8811,10
8812,6
8813,15
8814,2
8815,10
8816,15
8817,9
8818,22
8819,19
8820,10
8821,3
8822,8
8823,11
8824,5
8825,16
8826,17
8827,4
8828,34
8829,2
8830,6
8831,14
8832,25
8833,12
8834,16
8835,15
8836,15
8837,4
8838,2
8839,17
8840,1
8841,12
8842,12
8843,2
8844,5
8845,6
8846,2
8847,7
8848,31
8849,19
8850,2
8851,10
8852,15
8853,15
8854,19
8855,5
8856,7
8857,2
8858,6
8859,4
8860,10
8861,7
8862,4
8863,5
8864,2
8865,4
8866,12
8867,3
8868,7
8869,3
8870,5
8871,15
8872,1
8873,6
8874,9
8875,15
8876,5
8877,13
8878,9
8879,3
8880,2
8881,4
8882,13
8883,30
8884,11
8885,3
8886,13
8887,27
8888,19
8889,13
8890,9
8891,3
8892,9
8893,7
8894,15
8895,5
8896,3
8897,16
8898,12
8899,16
8900,10
8901,4
8902,8
8903,19
8904,13
8905,18
8906,18
8907,13
8908,18
8909,28
8910,6
8911,8
8912,38
8913,28
8914,4
8915,1
8916,12
8917,3
8918,18
8919,2
8920,7
8921,25
8922,15
8923,9
8924,8
8925,7
8926,3
8927,4
8928,11
8929,9
8930,16
8931,9
8932,7
8933,5
8934,11
8935,31
8936,22
8937,9
8938,21
8939,12
8940,13
8941,1
8942,10
8943,11
8944,2
8945,8
8946,8
8947,11
8948,25
8949,18
8950,17
8951,9
8952,18
8953,5
8954,4
8955,2
8956,20
8957,13
8958,23
8959,17
8960,19
8961,19
8962,5
8963,34
8964,11
8965,13
8966,23
8967,32
8968,33
8969,26
8970,9
8971,9
8972,13
8973,7
8974,18
8975,8
8976,4
8977,13
8978,10
8979,11
8980,2
8981,7
8982,14
8983,15
8984,3
8985,15
8986,3
8987,15
8988,9
8989,1
8990,27
8991,16
8992,10
8993,14
8994,16
8995,15
8996,2
8997,4
8998,11
8999,13
9000,4
9001,26
9002,16
9003,4
9004,14
9005,6
9006,20
9007,9
9008,23
9009,13
9010,7
9011,19
9012,1
9013,3
9014,2
9015,4
9016,2
9017,22
9018,2
9019,14
9020,14
9021,9
9022,2
9023,25
9024,3
9025,15
9026,11
9027,10
9028,2
9029,1
9030,2
9031,1
9032,24
9033,4
9034,15
9035,9
9036,4
9037,3
9038,14
9039,34
9040,12
9041,28
9042,7
9043,8
9044,15
9045,9
9046,1
9047,8
9048,20
9049,3
9050,10
9051,5
9052,5
9053,11
9054,12
9055,16
9056,7
9057,7
9058,3
9059,7
9060,15
9061,6
9062,13
9063,16
9064,5
9065,5
9066,21
9067,13
9068,5
9069,11
9070,4
9071,16
9072,5
9073,3
9074,5
9075,5
9076,11
9077,6
9078,17
9079,3
9080,17
9081,20
9082,7
9083,1
9084,30
9085,4
9086,8
9087,19
9088,6
9089,24
9090,8
9091,4
9092,8
9093,9
9094,19
9095,18
9096,7
9097,8
9098,13
9099,10
9100,4
9101,7
9102,11
9103,1
9104,30
9105,25
9106,14
9107,25
9108,3
9109,5
9110,26
9111,11
9112,3
9113,3
9114,13
9115,18
9116,5
9117,1
9118,15
9119,9
9120,1
9121,11
9122,8
9123,9
9124,41
9125,9
9126,9
9127,1
9128,1
9129,1
9130,18
9131,9
9132,17
9133,2
9134,5
9135,16
9136,18
9137,16
9138,2
9139,8
9140,3
9141,21
9142,10
9143,2
9144,17
9145,20
9146,15
9147,3
9148,7
9149,20
9150,5
9151,7
9152,20
9153,11
9154,13
9155,27
9156,26
9157,3
9158,5
9159,2
9160,15
9161,15
9162,1
9163,7
9164,10
9165,3
9166,10
9167,18
9168,14
9169,13
9170,17
9171,7
9172,17
9173,15
9174,8
9175,22
9176,10
9177,16
9178,3
9179,12
9180,18
9181,4
9182,1
9183,20
9184,4
9185,29
9186,21
9187,28
9188,2
9189,17
9190,17
9191,12
9192,5
9193,30
9194,6
9195,4
9196,2
9197,20
9198,2
9199,8
9200,6
9201,8
9202,2
9203,30
9204,9
9205,10
9206,3
9207,3
9208,15
9209,5
9210,19
9211,18
9212,17
9213,13
9214,19
9215,17
9216,15
9217,19
9218,20
9219,5
9220,5
9221,10
9222,19
9223,23
9224,18
9225,42
9226,10
9227,2
9228,5
9229,16
9230,2
9231,13
9232,3
9233,5
9234,14
9235,14
9236,3
9237,1
9238,6
9239,9
9240,23
9241,3
9242,2
9243,2
9244,16
9245,4
9246,4
9247,21
9248,5
9249,1
9250,3
9251,3
9252,12
9253,9
9254,2
9255,1
9256,5
9257,17
9258,2
9259,15
9260,2
9261,19
9262,5
9263,3
9264,8
9265,2
9266,15
9267,1
9268,16
9269,8
9270,5
9271,35
9272,11
9273,1
9274,11
9275,6
9276,22
9277,12
9278,13
9279,9
9280,4
9281,1
9282,8
9283,3
9284,1
9285,29
9286,3
9287,15
9288,5
9289,4
9290,12
9291,11
9292,6
9293,4
9294,3
9295,2
9296,12
9297,5
9298,9
9299,17
9300,7
9301,5
9302,9
9303,3
9304,11
9305,4
9306,3
9307,6
9308,35
9309,7
9310,6
9311,12
9312,5
9313,1
9314,20
9315,10
9316,3
9317,16
9318,12
9319,4
9320,17
9321,1
9322,7
9323,3
9324,8
9325,9
9326,2
9327,8
9328,11
9329,11
9330,6
9331,9
9332,2
9333,4
9334,21
9335,7
9336,7
9337,19
9338,6
9339,5
9340,10
9341,1
9342,6
9343,4
9344,4
9345,9
9346,11
9347,7
9348,15
9349,29
9350,10
9351,8
9352,1
9353,19
9354,6
9355,6
9356,3
9357,10
9358,15
9359,1
9360,5
9361,11
9362,20
9363,4
9364,6
9365,20
9366,12
9367,3
9368,1
9369,17
9370,10
9371,14
9372,16
9373,10
9374,3
9375,11
9376,12
9377,3
9378,16
9379,10
9380,1
9381,17
9382,6
9383,12
9384,6
9385,14
9386,18
9387,24
9388,15
9389,23
9390,7
9391,10
9392,9
9393,15
9394,6
9395,10
9396,9
9397,23
9398,4
9399,15
9400,14
9401,11
9402,19
9403,8
9404,15
9405,6
9406,16
9407,14
9408,9
9409,9
9410,1
9411,12
9412,9
9413,11
9414,6
9415,9
9416,20
9417,1
9418,18
9419,4
9420,25
9421,9
9422,6
9423,6
9424,11
9425,1
9426,10
9427,17
9428,4
9429,12
9430,17
9431,4
9432,7
9433,4
9434,9
9435,10
9436,10
9437,12
9438,9
9439,6
9440,10
9441,13
9442,7
9443,11
9444,12
9445,17
9446,14
9447,28
9448,2
9449,5
9450,22
9451,15
9452,19
9453,29
9454,12
9455,21
9456,9
9457,15
9458,21
9459,9
9460,7
9461,14
9462,12
9463,21
9464,23
9465,11
9466,7
9467,24
9468,6
9469,13
9470,15
9471,16
9472,7
9473,5
9474,2
9475,12
9476,6
9477,9
9478,11
9479,2
9480,14
9481,5
9482,12
9483,2
9484,18
9485,14
9486,28
9487,6
9488,12
9489,8
9490,16
9491,13
9492,10
9493,1
9494,2
9495,13
9496,16
9497,1
9498,18
9499,3
9500,11
9501,15
9502,7
9503,10
9504,8
9505,16
9506,4
9507,2
9508,4
9509,22
9510,4
9511,2
9512,27
9513,4
9514,15
9515,11
9516,4
9517,29
9518,17
9519,4
9520,17
9521,6
9522,6
9523,14
9524,8
9525,14
9526,3
9527,15
9528,9
9529,12
9530,8
9531,19
9532,6
9533,20
9534,27
9535,13
9536,4
9537,2
9538,14
9539,4
9540,11
9541,9
9542,6
9543,24
9544,5
9545,3
9546,6
9547,1
9548,6
9549,3
9550,6
9551,1
9552,5
9553,10
9554,4
9555,8
9556,7
9557,4
9558,13
9559,1
9560,8
9561,5
9562,1
9563,5
9564,16
9565,10
9566,16
9567,12
9568,5
9569,3
9570,7
9571,1
9572,2
9573,2
9574,5
9575,9
9576,20
9577,4
9578,5
9579,23
9580,10
9581,5
9582,17
9583,2
9584,9
9585,1
9586,3
9587,25
9588,12
9589,2
9590,1
9591,8
9592,7
9593,7
9594,15
9595,1
9596,1
9597,18
9598,25
9599,8
9600,11
9601,14
9602,13
9603,1
9604,18
9605,5
9606,14
9607,6
9608,8
9609,6
9610,19
9611,13
9612,2
9613,22
9614,4
9615,1
9616,3
9617,15
9618,9
9619,15
9620,11
9621,7
9622,6
9623,2
9624,3
9625,5
9626,3
9627,22
9628,5
9629,10
9630,9
9631,7
9632,6
9633,21
9634,2
9635,9
9636,5
9637,17
9638,13
9639,7
9640,12
9641,20
9642,19
9643,17
9644,9
9645,12
9646,13
9647,3
9648,10
9649,30
9650,23
9651,16
9652,12
9653,4
9654,18
9655,20
9656,8
9657,7
9658,5
9659,7
9660,7
9661,9
9662,2
9663,5
9664,7
9665,21
9666,23
9667,16
9668,15
9669,27
9670,10
9671,8
9672,14
9673,2
9674,2
9675,22
9676,13
9677,4
9678,14
9679,23
9680,42
9681,18
9682,6
9683,6
9684,14
9685,11
9686,10
9687,2
9688,18
9689,6
9690,4
9691,9
9692,13
9693,1
9694,3
9695,4
9696,7
9697,3
9698,12
9699,1
9700,8
9701,18
9702,2
9703,1
9704,8
9705,12
9706,9
9707,15
9708,19
9709,11
9710,17
9711,12
9712,1
9713,14
9714,3
9715,7
9716,14
9717,3
9718,15
9719,22
9720,2
9721,10
9722,16
9723,4
9724,8
9725,19
9726,16
9727,4
9728,3
9729,11
9730,7
9731,14
9732,12
9733,14
9734,8
9735,17
9736,1
9737,2
9738,4
9739,13
9740,3
9741,22
9742,16
9743,3
9744,1
9745,7
9746,12
9747,1
9748,19
9749,27
9750,14
9751,7
9752,18
9753,6
9754,23
9755,8
9756,6
9757,6
9758,9
9759,1
9760,9
9761,9
9762,2
9763,19
9764,8
9765,9
9766,28
9767,3
9768,2
9769,6
9770,7
9771,7
9772,2
9773,19
9774,9
9775,19
9776,4
9777,10
9778,8
9779,7
9780,14
9781,2
9782,6
9783,8
9784,4
9785,14
9786,6
9787,7
9788,3
9789,1
9790,4
9791,9
9792,5
9793,5
9794,12
9795,1
9796,1
9797,2
9798,6
9799,9
9800,6
9801,2
9802,2
9803,33
9804,19
9805,15
9806,8
9807,17
9808,18
9809,22
9810,9
9811,6
9812,7
9813,5
9814,5
9815,8
9816,3
9817,3
9818,3
9819,6
9820,3
9821,18
9822,24
9823,5
9824,13
9825,7
9826,10
9827,3
9828,9
9829,5
9830,12
9831,10
9832,8
9833,2
9834,11
9835,3
9836,8
9837,5
9838,7
9839,12
9840,3
9841,15
9842,4
9843,12
9844,6
9845,1
9846,11
9847,7
9848,2
9849,8
9850,4
9851,1
9852,13
9853,5
9854,9
9855,3
9856,4
9857,21
9858,6
9859,6
9860,17
9861,5
9862,8
9863,2
9864,11
9865,15
9866,12
9867,1
9868,4
9869,2
9870,15
9871,2
9872,9
9873,20
9874,12
9875,3
9876,19
9877,13
9878,14
9879,12
9880,6
9881,13
9882,1
9883,8
9884,2
9885,18
9886,14
9887,7
9888,25
9889,23
9890,13
9891,17
9892,12
9893,1
9894,8
9895,18
9896,3
9897,21
9898,32
9899,30
9900,16
9901,5
9902,29
9903,9
9904,3
9905,3
9906,5
9907,5
9908,2
9909,4
9910,4
9911,25
9912,3
9913,5
9914,3
9915,17
9916,11
9917,20
9918,3
9919,23
9920,13
9921,2
9922,12
9923,4
9924,1
9925,18
9926,15
9927,7
9928,19
9929,8
9930,16
9931,7
9932,15
9933,7
9934,7
9935,13
9936,17
9937,4
9938,12
9939,23
9940,17
9941,7
9942,14
9943,19
9944,6
9945,4
9946,10
9947,2
9948,19
9949,9
9950,23
9951,7
9952,6
9953,11
9954,27
9955,5
9956,10
9957,21
9958,7
9959,17
9960,13
9961,4
9962,10
9963,2
9964,2
9965,16
9966,2
9967,13
9968,21
9969,6
9970,4
9971,9
9972,13
9973,1
9974,2
9975,4
9976,2
9977,10
9978,11
9979,3
9980,17
9981,8
9982,9
9983,12
9984,4
9985,1
9986,10
9987,15
9988,5
9989,14
9990,10
9991,10
9992,16
9993,2
9994,3
9995,4
9996,8
9997,10
9998,26
9999,14
10000,20
10001,22
10002,5
10003,1
10004,16
10005,1
10006,7
10007,28
10008,1
10009,4
10010,18
10011,6
10012,12
10013,10
10014,7
10015,8
10016,5
10017,7
10018,17
10019,23
10020,12
10021,12
10022,4
10023,4
10024,8
10025,9
10026,14
10027,11
10028,17
10029,8
10030,10
10031,15
10032,3
10033,2
10034,11
10035,7
10036,11
10037,6
10038,11
10039,4
10040,4
10041,5
10042,8
10043,4
10044,13
10045,7
10046,10
10047,7
10048,14
10049,10
10050,4
10051,6
10052,20
10053,1
10054,14
10055,4
10056,11
10057,13
10058,7
10059,9
10060,9
10061,7
10062,9
10063,1
10064,17
10065,3
10066,5
10067,20
10068,8
10069,9
10070,3
10071,17
10072,1
10073,5
10074,14
10075,6
10076,10
10077,7
10078,6
10079,7
10080,12
10081,1
10082,13
10083,3
10084,11
10085,7
10086,6
10087,14
10088,12
10089,5
10090,3
10091,10
10092,4
10093,4
10094,12
10095,12
10096,2
10097,19
10098,6
10099,14
10100,25
10101,5
10102,10
10103,8
10104,1
10105,10
10106,3
10107,8
10108,12
10109,1
10110,14
10111,2
10112,5
10113,8
10114,27
10115,1
10116,18
10117,5
10118,4
10119,17
10120,18
10121,12
10122,10
10123,5
10124,3
10125,2
10126,3
10127,10
10128,13
10129,4
10130,1
10131,12
10132,6
10133,5
10134,15
10135,7
10136,16
10137,1
10138,8
10139,16
10140,7
10141,6
10142,2
10143,1
10144,19
10145,20
10146,7
10147,12
10148,9
10149,3
10150,6
10151,13
10152,8
10153,8
10154,3
10155,8
10156,1
10157,6
10158,10
10159,19
10160,26
10161,4
10162,3
10163,2
10164,9
10165,10
10166,5
10167,12
10168,5
10169,13
10170,2
10171,2
10172,6
10173,15
10174,11
10175,10
10176,7
10177,3
10178,6
10179,11
10180,11
10181,2
10182,8
10183,27
10184,2
10185,6
10186,7
10187,13
10188,7
10189,4
10190,6
10191,8
10192,7
10193,18
10194,19
10195,15
10196,1
10197,4
10198,9
10199,6
10200,3
10201,18
10202,10
10203,14
10204,11
10205,8
10206,6
10207,17
10208,1
10209,2
10210,5
10211,3
10212,26
10213,15
10214,20
10215,22
10216,2
10217,5
10218,8
10219,2
10220,10
10221,10
10222,3
10223,1
10224,3
10225,11
10226,6
10227,10
10228,1
10229,9
10230,13
10231,5
10232,5
10233,10
10234,18
10235,3
10236,20
10237,14
10238,4
10239,16
10240,4
10241,3
10242,4
10243,4
10244,1
10245,7
10246,3
10247,12
10248,9
10249,8
10250,10
10251,15
10252,9
10253,18
10254,8
10255,10
10256,23
10257,5
10258,10
10259,2
10260,6
10261,3
10262,2
10263,17
10264,12
10265,14
10266,5
10267,6
10268,12
10269,18
10270,17
10271,7
10272,10
10273,32
10274,6
10275,17
10276,4
10277,11
10278,2
10279,6
10280,6
10281,5
10282,4
10283,6
10284,5
10285,1
10286,2
10287,1
10288,10
10289,4
10290,1
10291,4
10292,9
10293,4
10294,2
10295,2
10296,5
10297,6
10298,21
10299,18
10300,9
10301,2
10302,1
10303,22
10304,15
10305,8
10306,9
10307,1
10308,9
10309,9
10310,3
10311,3
10312,2
10313,20
10314,7
10315,4
10316,12
10317,15
10318,10
10319,12
10320,2
10321,12
10322,2
10323,7
10324,12
10325,6
10326,7
10327,6
10328,8
10329,6
10330,8
10331,9
10332,10
10333,4
10334,1
10335,7
10336,6
10337,8
10338,14
10339,5
10340,11
10341,11
10342,5
10343,4
10344,1
10345,5
10346,5
10347,4
10348,10
10349,5
10350,3
10351,8
10352,11
10353,3
10354,6
10355,7
10356,4
10357,1
10358,1
10359,2
10360,16
10361,13
10362,16
10363,3
10364,4
10365,3
10366,4
10367,7
10368,25
10369,10
10370,11
10371,7
10372,11
10373,8
10374,5
10375,2
10376,18
10377,11
10378,8
10379,13
10380,35
10381,7
10382,5
10383,16
10384,2
10385,5
10386,1
10387,11
10388,2
10389,16
10390,6
10391,5
10392,17
10393,1
10394,19
10395,12
